Model,training,solver,Rank,BIC,Ntotal,p1,v1,ci1,p2,v2,ci2
CAP,Corrigin_Eucalyptus_capillosa,differential_evolution,2,895.906441,67716.0,krlC,9.79425925,0.52237881,PcritC,-6.72173473,0.12445185
CAP,Corrigin_Eucalyptus_capillosa,basinhopping,1,895.3499,4300692.0,krlC,10.0188874,0.45968279,PcritC,-6.87795638,0.02012889
CAP,Corrigin_Eucalyptus_capillosa,Powell,4,908.253089,22308.0,krlC,17.4016434,0.82849382,PcritC,-5.66317896,0.04618771
CAP,Corrigin_Eucalyptus_capillosa,dual_annealing,3,896.177207,619212.0,krlC,13.9581121,0.51043936,PcritC,-6.02873423,
CGain,Corrigin_Eucalyptus_capillosa,differential_evolution,3,940.093101,14124.0,Kappa,33.7818704,1.71807116,,,
CGain,Corrigin_Eucalyptus_capillosa,basinhopping,1,937.965564,39996.0,Kappa,36.1377752,1.35100829,,,
CGain,Corrigin_Eucalyptus_capillosa,Powell,2,939.866226,11220.0,Kappa,36.0294591,1.81926201,,,
CGain,Corrigin_Eucalyptus_capillosa,dual_annealing,4,940.113251,265716.0,Kappa,39.7044035,2.72699831,,,
CMax,Corrigin_Eucalyptus_capillosa,differential_evolution,1,925.159095,55836.0,Alpha,11.4662975,,Beta,1.59768398,
CMax,Corrigin_Eucalyptus_capillosa,basinhopping,3,938.253709,53328.0,Alpha,15.3754549,,Beta,1.7572969,
CMax,Corrigin_Eucalyptus_capillosa,Powell,2,927.701871,14652.0,Alpha,15.0020097,,Beta,0.4224044,
CMax,Corrigin_Eucalyptus_capillosa,dual_annealing,4,946.382358,530508.0,Alpha,15.1413879,,Beta,5.82315819,
Eller,Corrigin_Eucalyptus_capillosa,differential_evolution,3,875.957317,13200.0,kmaxS1,5.10194979,0.24852067,,,
Eller,Corrigin_Eucalyptus_capillosa,basinhopping,1,875.957317,759660.0,kmaxS1,5.10194981,0.24852067,,,
Eller,Corrigin_Eucalyptus_capillosa,Powell,2,875.957317,4224.0,kmaxS1,5.10194981,0.24852067,,,
Eller,Corrigin_Eucalyptus_capillosa,dual_annealing,4,875.957317,265980.0,kmaxS1,5.14031406,0.24852067,,,
LeastCost,Corrigin_Eucalyptus_capillosa,differential_evolution,4,894.440896,73656.0,kmaxLC,3.48561367,0.1593263,Eta,6.66153971,2.35975079
LeastCost,Corrigin_Eucalyptus_capillosa,basinhopping,2,892.77991,4495788.0,kmaxLC,3.4722344,0.12510676,Eta,4.43584112,4.03219667
LeastCost,Corrigin_Eucalyptus_capillosa,Powell,3,894.156915,14784.0,kmaxLC,3.56047927,0.12405241,Eta,4.88064993,1.51714655
LeastCost,Corrigin_Eucalyptus_capillosa,dual_annealing,1,892.256003,748704.0,kmaxLC,3.87053056,0.14658294,Eta,11.8242433,
Medlyn,Corrigin_Eucalyptus_capillosa,differential_evolution,3,929.265253,54252.0,g1,9.19209297,2.42395529,sref,0.40330451,0.07495098
Medlyn,Corrigin_Eucalyptus_capillosa,basinhopping,2,929.265253,1755864.0,g1,9.19214569,1.77881026,sref,0.42616103,0.05508147
Medlyn,Corrigin_Eucalyptus_capillosa,Powell,4,1192.57298,3300.0,g1,12.0754254,,sref,9.66981138,
Medlyn,Corrigin_Eucalyptus_capillosa,dual_annealing,1,929.265253,539220.0,g1,9.19212626,4.52841257,sref,0.40860983,0.14032009
MES,Corrigin_Eucalyptus_capillosa,differential_evolution,2,880.066226,83556.0,krlM,8.5854358,0.34243961,PcritM,-6.83639641,0.02873384
MES,Corrigin_Eucalyptus_capillosa,basinhopping,3,880.810115,4277064.0,krlM,8.90112678,0.36364257,PcritM,-6.82052519,0.07433575
MES,Corrigin_Eucalyptus_capillosa,Powell,4,898.366995,29304.0,krlM,13.779288,0.61339139,PcritM,-5.8187761,5.9256e-07
MES,Corrigin_Eucalyptus_capillosa,dual_annealing,1,878.08752,630696.0,krlM,9.18974844,0.31065916,PcritM,-6.81246438,
ProfitMax,Corrigin_Eucalyptus_capillosa,differential_evolution,4,879.829929,39072.0,kmax,9.96732066,0.40705668,,,
ProfitMax,Corrigin_Eucalyptus_capillosa,basinhopping,2,877.131136,3229908.0,kmax,10.4899318,0.4143136,,,
ProfitMax,Corrigin_Eucalyptus_capillosa,Powell,3,878.098059,13068.0,kmax,10.4830259,0.43181583,,,
ProfitMax,Corrigin_Eucalyptus_capillosa,dual_annealing,1,877.115134,316404.0,kmax,10.5324318,0.33916587,,,
ProfitMax2,Corrigin_Eucalyptus_capillosa,differential_evolution,1,876.978933,51084.0,kmax2,12.6019425,0.52077084,,,
ProfitMax2,Corrigin_Eucalyptus_capillosa,basinhopping,3,877.171062,3200868.0,kmax2,12.5998019,0.52169284,,,
ProfitMax2,Corrigin_Eucalyptus_capillosa,Powell,4,879.878231,11088.0,kmax2,11.7863903,0.48523064,,,
ProfitMax2,Corrigin_Eucalyptus_capillosa,dual_annealing,2,877.023178,339900.0,kmax2,12.6408656,0.27188783,,,
SOX-OPT,Corrigin_Eucalyptus_capillosa,differential_evolution,2,875.716021,39864.0,kmaxS2,10.8090669,0.43574745,,,
SOX-OPT,Corrigin_Eucalyptus_capillosa,basinhopping,4,881.026976,39996.0,kmaxS2,10.8377554,0.45399665,,,
SOX-OPT,Corrigin_Eucalyptus_capillosa,Powell,3,878.267869,17820.0,kmaxS2,11.1385349,0.45492635,,,
SOX-OPT,Corrigin_Eucalyptus_capillosa,dual_annealing,1,875.716021,266244.0,kmaxS2,10.8506997,0.56506841,,,
Tuzet,Corrigin_Eucalyptus_capillosa,differential_evolution,3,1046.96437,29304.0,g1T,6.81545131,,kmaxT,1.61538734,
Tuzet,Corrigin_Eucalyptus_capillosa,basinhopping,1,1046.96437,1362240.0,g1T,6.81545133,,kmaxT,11.7462139,
Tuzet,Corrigin_Eucalyptus_capillosa,Powell,2,1046.96437,8184.0,g1T,6.81545138,,kmaxT,2.17719238,
Tuzet,Corrigin_Eucalyptus_capillosa,dual_annealing,4,1046.96437,530508.0,g1T,6.81545127,,kmaxT,17.3742881,
WUE-LWP,Corrigin_Eucalyptus_capillosa,differential_evolution,4,959.900195,18084.0,Lambda,2.00012893,0.1018884,,,
WUE-LWP,Corrigin_Eucalyptus_capillosa,basinhopping,1,956.176046,39996.0,Lambda,1.81731034,0.07769298,,,
WUE-LWP,Corrigin_Eucalyptus_capillosa,Powell,3,959.694333,8580.0,Lambda,1.91813364,0.09929598,,,
WUE-LWP,Corrigin_Eucalyptus_capillosa,dual_annealing,2,958.189661,264924.0,Lambda,1.90792081,0.09141367,,,
CAP,ManyPeaksRange_Alphitonia_excelsa,differential_evolution,2,1662.19363,108480.0,krlC,14.2914974,0.52298627,PcritC,-2.54714963,0.06522964
CAP,ManyPeaksRange_Alphitonia_excelsa,basinhopping,3,1662.2,3060160.0,krlC,11.781745,2.18380498,PcritC,-2.87360133,0.38279632
CAP,ManyPeaksRange_Alphitonia_excelsa,Powell,4,1667.19612,55360.0,krlC,4.19528478,1.01905359,PcritC,-5.40464328,0.83128395
CAP,ManyPeaksRange_Alphitonia_excelsa,dual_annealing,1,1661.85263,836960.0,krlC,13.9825105,0.14412037,PcritC,-2.58777432,0.0267996
CGain,ManyPeaksRange_Alphitonia_excelsa,differential_evolution,3,1673.29899,9920.0,Kappa,9.01761717,1.78690272,,,
CGain,ManyPeaksRange_Alphitonia_excelsa,basinhopping,4,1673.61444,48480.0,Kappa,8.07279609,1.22266547,,,
CGain,ManyPeaksRange_Alphitonia_excelsa,Powell,2,1672.46473,11840.0,Kappa,3.42407565,0.37765945,,,
CGain,ManyPeaksRange_Alphitonia_excelsa,dual_annealing,1,1672.39354,323040.0,Kappa,5.98790693,0.78320886,,,
CMax,ManyPeaksRange_Alphitonia_excelsa,differential_evolution,2,1693.73672,43680.0,Alpha,1.45727205,,Beta,2.09188379,
CMax,ManyPeaksRange_Alphitonia_excelsa,basinhopping,3,1693.93557,64640.0,Alpha,1.56852703,,Beta,2.54953401,
CMax,ManyPeaksRange_Alphitonia_excelsa,Powell,1,1692.76444,21600.0,Alpha,1.11372192,,Beta,5.1988731,
CMax,ManyPeaksRange_Alphitonia_excelsa,dual_annealing,4,1694.25311,643520.0,Alpha,1.30897867,,Beta,1.59529485,
Eller,ManyPeaksRange_Alphitonia_excelsa,differential_evolution,4,1656.94388,18400.0,kmaxS1,0.88947914,0.18520923,,,
Eller,ManyPeaksRange_Alphitonia_excelsa,basinhopping,3,1656.94388,938880.0,kmaxS1,0.93799293,0.18520924,,,
Eller,ManyPeaksRange_Alphitonia_excelsa,Powell,2,1656.94388,4000.0,kmaxS1,0.93799247,0.18520919,,,
Eller,ManyPeaksRange_Alphitonia_excelsa,dual_annealing,1,1656.94388,323040.0,kmaxS1,0.90689067,0.18520923,,,
LeastCost,ManyPeaksRange_Alphitonia_excelsa,differential_evolution,3,1662.28002,62880.0,kmaxLC,16.8542514,1.9701963,Eta,2.50996396,0.2912438
LeastCost,ManyPeaksRange_Alphitonia_excelsa,basinhopping,2,1661.41408,5021280.0,kmaxLC,8.43946197,0.82262483,Eta,3.02710076,0.24124894
LeastCost,ManyPeaksRange_Alphitonia_excelsa,Powell,4,1664.45056,34240.0,kmaxLC,0.64504655,,Eta,3.09996716,
LeastCost,ManyPeaksRange_Alphitonia_excelsa,dual_annealing,1,1661.23479,869600.0,kmaxLC,11.2484556,,Eta,3.27140827,0.14666223
Medlyn,ManyPeaksRange_Alphitonia_excelsa,differential_evolution,2,1674.27227,35040.0,g1,12.3064932,2.8741618,sref,0.51830524,0.34205899
Medlyn,ManyPeaksRange_Alphitonia_excelsa,basinhopping,3,1674.27227,2126560.0,g1,12.3064762,2.87410275,sref,0.51830343,0.34205374
Medlyn,ManyPeaksRange_Alphitonia_excelsa,Powell,4,1674.27242,7840.0,g1,12.3409488,3.05246916,sref,0.54790328,0.35800735
Medlyn,ManyPeaksRange_Alphitonia_excelsa,dual_annealing,1,1674.27227,648320.0,g1,12.3064839,2.87410375,sref,0.52500942,0.34205402
MES,ManyPeaksRange_Alphitonia_excelsa,differential_evolution,3,1666.10842,90240.0,krlM,10.6838735,,PcritM,-3.04349072,
MES,ManyPeaksRange_Alphitonia_excelsa,basinhopping,1,1665.15322,5082400.0,krlM,9.98517675,1.60067518,PcritM,-3.04237241,0.01010234
MES,ManyPeaksRange_Alphitonia_excelsa,Powell,4,1666.79987,29920.0,krlM,4.06341804,0.67935094,PcritM,-5.58329636,0.4495348
MES,ManyPeaksRange_Alphitonia_excelsa,dual_annealing,2,1665.66686,888320.0,krlM,4.08154802,0.1253174,PcritM,-5.60916051,
ProfitMax,ManyPeaksRange_Alphitonia_excelsa,differential_evolution,3,1666.1857,28320.0,kmax,1.65606798,0.22366516,,,
ProfitMax,ManyPeaksRange_Alphitonia_excelsa,basinhopping,2,1665.0674,4238560.0,kmax,1.58230105,0.19451519,,,
ProfitMax,ManyPeaksRange_Alphitonia_excelsa,Powell,4,1666.94903,11520.0,kmax,1.37557175,0.19690794,,,
ProfitMax,ManyPeaksRange_Alphitonia_excelsa,dual_annealing,1,1664.55781,388960.0,kmax,1.7087208,0.21093759,,,
ProfitMax2,ManyPeaksRange_Alphitonia_excelsa,differential_evolution,4,1657.15586,43680.0,kmax2,3.61828574,0.50483866,,,
ProfitMax2,ManyPeaksRange_Alphitonia_excelsa,basinhopping,1,1655.63497,3988800.0,kmax2,3.88318948,0.58745028,,,
ProfitMax2,ManyPeaksRange_Alphitonia_excelsa,Powell,3,1656.52767,12640.0,kmax2,3.55011374,0.54459358,,,
ProfitMax2,ManyPeaksRange_Alphitonia_excelsa,dual_annealing,2,1655.63497,383200.0,kmax2,3.91831766,0.10259007,,,
SOX-OPT,ManyPeaksRange_Alphitonia_excelsa,differential_evolution,3,1665.75749,14720.0,kmaxS2,1.55046706,0.26075207,,,
SOX-OPT,ManyPeaksRange_Alphitonia_excelsa,basinhopping,4,1665.90805,52800.0,kmaxS2,1.63554544,0.2622875,,,
SOX-OPT,ManyPeaksRange_Alphitonia_excelsa,Powell,2,1665.41151,8480.0,kmaxS2,1.77776754,0.26794464,,,
SOX-OPT,ManyPeaksRange_Alphitonia_excelsa,dual_annealing,1,1664.92502,325280.0,kmaxS2,1.67817582,0.24858574,,,
Tuzet,ManyPeaksRange_Alphitonia_excelsa,differential_evolution,2,1630.41109,44160.0,g1T,12.5,1.6013e-16,kmaxT,16.2164612,1.75341139
Tuzet,ManyPeaksRange_Alphitonia_excelsa,basinhopping,3,1630.41733,3018560.0,g1T,12.5,3.9369e-07,kmaxT,16.1917952,1.71702658
Tuzet,ManyPeaksRange_Alphitonia_excelsa,Powell,4,1630.77054,34400.0,g1T,11.8402864,0.66244795,kmaxT,17.4653305,0.60690867
Tuzet,ManyPeaksRange_Alphitonia_excelsa,dual_annealing,1,1630.38735,738080.0,g1T,12.5,1.31717293,kmaxT,15.9939858,0.56640347
WUE-LWP,ManyPeaksRange_Alphitonia_excelsa,differential_evolution,2,1672.21911,19520.0,Lambda,0.27079051,0.03320688,,,
WUE-LWP,ManyPeaksRange_Alphitonia_excelsa,basinhopping,4,1673.68171,48480.0,Lambda,0.32761274,0.33855032,,,
WUE-LWP,ManyPeaksRange_Alphitonia_excelsa,Powell,1,1671.3884,9920.0,Lambda,0.282053,0.02540884,,,
WUE-LWP,ManyPeaksRange_Alphitonia_excelsa,dual_annealing,3,1672.77271,323040.0,Lambda,0.26674538,0.02713282,,,
CAP,ManyPeaksRange_Austromyrtus_bidwillii,differential_evolution,1,491.100375,62865.0,krlC,7.40239845,1.17440766,PcritC,-1.35218374,
CAP,ManyPeaksRange_Austromyrtus_bidwillii,basinhopping,2,492.857911,1456620.0,krlC,4.27763319,1.04729852,PcritC,-1.76488303,0.11612252
CAP,ManyPeaksRange_Austromyrtus_bidwillii,Powell,4,493.774895,5610.0,krlC,0.95022946,0.27861274,PcritC,-5.18451562,0.88861046
CAP,ManyPeaksRange_Austromyrtus_bidwillii,dual_annealing,3,493.65424,269555.0,krlC,0.77046759,0.36351651,PcritC,-6.60733575,3.47362366
CGain,ManyPeaksRange_Austromyrtus_bidwillii,differential_evolution,2,483.248351,10010.0,Kappa,4.19852405,0.53038392,,,
CGain,ManyPeaksRange_Austromyrtus_bidwillii,basinhopping,1,482.320879,16665.0,Kappa,4.91712523,0.68455761,,,
CGain,ManyPeaksRange_Austromyrtus_bidwillii,Powell,4,486.777889,2420.0,Kappa,3.82340288,,,,
CGain,ManyPeaksRange_Austromyrtus_bidwillii,dual_annealing,3,485.102159,110495.0,Kappa,5.07789671,0.66411343,,,
CMax,ManyPeaksRange_Austromyrtus_bidwillii,differential_evolution,1,480.288418,21615.0,Alpha,0.74340914,,Beta,7.72637391,
CMax,ManyPeaksRange_Austromyrtus_bidwillii,basinhopping,4,487.996748,22220.0,Alpha,2.67237092,,Beta,2.44339513,
CMax,ManyPeaksRange_Austromyrtus_bidwillii,Powell,3,487.640042,3410.0,Alpha,0.88221528,,Beta,0.45630365,
CMax,ManyPeaksRange_Austromyrtus_bidwillii,dual_annealing,2,486.146354,220715.0,Alpha,1.37805066,,Beta,2.26315157,
Eller,ManyPeaksRange_Austromyrtus_bidwillii,differential_evolution,3,485.665486,5500.0,kmaxS1,0.41883898,0.11911852,,,
Eller,ManyPeaksRange_Austromyrtus_bidwillii,basinhopping,4,485.665486,393800.0,kmaxS1,0.45189576,0.11911852,,,
Eller,ManyPeaksRange_Austromyrtus_bidwillii,Powell,2,485.665486,1925.0,kmaxS1,0.418839,0.11911852,,,
Eller,ManyPeaksRange_Austromyrtus_bidwillii,dual_annealing,1,485.665486,112035.0,kmaxS1,0.42923765,0.11911853,,,
LeastCost,ManyPeaksRange_Austromyrtus_bidwillii,differential_evolution,1,476.525314,99000.0,kmaxLC,9.72970151,,Eta,3.24540334,
LeastCost,ManyPeaksRange_Austromyrtus_bidwillii,basinhopping,4,484.74318,1756480.0,kmaxLC,0.26562105,,Eta,1.85623577,1.5315931
LeastCost,ManyPeaksRange_Austromyrtus_bidwillii,Powell,3,484.029059,11990.0,kmaxLC,12.3550025,,Eta,4.91712523,
LeastCost,ManyPeaksRange_Austromyrtus_bidwillii,dual_annealing,2,479.389397,299915.0,kmaxLC,13.5813735,2.12266772,Eta,4.83442019,2.9615237
Medlyn,ManyPeaksRange_Austromyrtus_bidwillii,differential_evolution,2,490.894695,14850.0,g1,6.63471411,3.68610259,sref,0.28038043,1.03495304
Medlyn,ManyPeaksRange_Austromyrtus_bidwillii,basinhopping,3,490.894695,1120240.0,g1,6.63471283,3.68608482,sref,0.29929264,1.03494804
Medlyn,ManyPeaksRange_Austromyrtus_bidwillii,Powell,4,490.895001,9625.0,g1,6.65155258,3.49004023,sref,0.28958727,0.97547078
Medlyn,ManyPeaksRange_Austromyrtus_bidwillii,dual_annealing,1,490.894695,222530.0,g1,6.63471191,3.68608871,sref,0.28390044,1.03494915
MES,ManyPeaksRange_Austromyrtus_bidwillii,differential_evolution,2,484.676008,65340.0,krlM,10.1962372,1.43364406,PcritM,-1.42526571,0.05826537
MES,ManyPeaksRange_Austromyrtus_bidwillii,basinhopping,3,485.508478,1101705.0,krlM,6.9681678,1.6921226,PcritM,-1.7395192,0.08632455
MES,ManyPeaksRange_Austromyrtus_bidwillii,Powell,4,487.067553,6105.0,krlM,1.68485433,,PcritM,-5.00240292,
MES,ManyPeaksRange_Austromyrtus_bidwillii,dual_annealing,1,484.674552,378125.0,krlM,10.3620061,,PcritM,-1.41531314,0.00679768
ProfitMax,ManyPeaksRange_Austromyrtus_bidwillii,differential_evolution,1,477.586385,19690.0,kmax,1.0672715,0.21498725,,,
ProfitMax,ManyPeaksRange_Austromyrtus_bidwillii,basinhopping,3,479.633215,1549130.0,kmax,1.53651655,0.239051,,,
ProfitMax,ManyPeaksRange_Austromyrtus_bidwillii,Powell,4,481.032925,3520.0,kmax,0.97391901,0.2399803,,,
ProfitMax,ManyPeaksRange_Austromyrtus_bidwillii,dual_annealing,2,479.098933,146355.0,kmax,1.35672763,0.21074542,,,
ProfitMax2,ManyPeaksRange_Austromyrtus_bidwillii,differential_evolution,2,478.410678,22385.0,kmax2,1.77388876,0.35102818,,,
ProfitMax2,ManyPeaksRange_Austromyrtus_bidwillii,basinhopping,3,478.847839,1367410.0,kmax2,1.7747841,0.2981413,,,
ProfitMax2,ManyPeaksRange_Austromyrtus_bidwillii,Powell,4,480.046689,6380.0,kmax2,1.48199954,0.32305736,,,
ProfitMax2,ManyPeaksRange_Austromyrtus_bidwillii,dual_annealing,1,478.333597,160435.0,kmax2,1.79955751,0.05604499,,,
SOX-OPT,ManyPeaksRange_Austromyrtus_bidwillii,differential_evolution,2,481.620624,5885.0,kmaxS2,1.27041443,0.27633651,,,
SOX-OPT,ManyPeaksRange_Austromyrtus_bidwillii,basinhopping,4,482.357315,16665.0,kmaxS2,1.16539019,0.27654695,,,
SOX-OPT,ManyPeaksRange_Austromyrtus_bidwillii,Powell,3,481.889886,5500.0,kmaxS2,1.25509148,0.28208522,,,
SOX-OPT,ManyPeaksRange_Austromyrtus_bidwillii,dual_annealing,1,481.454442,110935.0,kmaxS2,1.29261444,0.23737082,,,
Tuzet,ManyPeaksRange_Austromyrtus_bidwillii,differential_evolution,3,490.557507,21285.0,g1T,8.42728482,1.19492419,kmaxT,10.0081391,2.90947055
Tuzet,ManyPeaksRange_Austromyrtus_bidwillii,basinhopping,1,490.049836,1315710.0,g1T,9.00816017,1.31298401,kmaxT,6.27807925,1.35584287
Tuzet,ManyPeaksRange_Austromyrtus_bidwillii,Powell,4,490.601837,10670.0,g1T,7.68296655,1.17163238,kmaxT,8.74206069,3.47148451
Tuzet,ManyPeaksRange_Austromyrtus_bidwillii,dual_annealing,2,490.433781,291170.0,g1T,8.02957355,0.91624513,kmaxT,9.32609728,1.27376494
WUE-LWP,ManyPeaksRange_Austromyrtus_bidwillii,differential_evolution,2,485.455944,9185.0,Lambda,0.40490281,0.48292852,,,
WUE-LWP,ManyPeaksRange_Austromyrtus_bidwillii,basinhopping,1,482.68528,16665.0,Lambda,0.41901902,0.45605883,,,
WUE-LWP,ManyPeaksRange_Austromyrtus_bidwillii,Powell,4,487.70923,4565.0,Lambda,0.71664635,0.28060237,,,
WUE-LWP,ManyPeaksRange_Austromyrtus_bidwillii,dual_annealing,3,486.467522,110495.0,Lambda,0.42691656,0.04139986,,,
CAP,ManyPeaksRange_Brachychiton_australis,differential_evolution,2,1125.10197,57474.0,krlC,18.683291,2.18523646,PcritC,-1.98312915,0.15253119
CAP,ManyPeaksRange_Brachychiton_australis,basinhopping,3,1126.36754,2152082.0,krlC,19.614886,0.92521186,PcritC,-1.69552011,0.04130871
CAP,ManyPeaksRange_Brachychiton_australis,Powell,4,1128.8342,10506.0,krlC,8.82321891,1.87450388,PcritC,-3.19677902,0.24951964
CAP,ManyPeaksRange_Brachychiton_australis,dual_annealing,1,1124.19158,580508.0,krlC,18.8555712,2.09419621,PcritC,-1.9999095,0.0299569
CGain,ManyPeaksRange_Brachychiton_australis,differential_evolution,1,1109.83702,12566.0,Kappa,6.75757919,0.96954955,,,
CGain,ManyPeaksRange_Brachychiton_australis,basinhopping,3,1112.5871,31209.0,Kappa,5.59043307,0.47725559,,,
CGain,ManyPeaksRange_Brachychiton_australis,Powell,4,1113.33562,7210.0,Kappa,4.98102712,1.17443046,,,
CGain,ManyPeaksRange_Brachychiton_australis,dual_annealing,2,1109.87995,207133.0,Kappa,8.8433939,0.70949515,,,
CMax,ManyPeaksRange_Brachychiton_australis,differential_evolution,4,1125.2311,25029.0,Alpha,9.3027252,,Beta,5.86539173,
CMax,ManyPeaksRange_Brachychiton_australis,basinhopping,3,1124.31181,41612.0,Alpha,7.90860211,,Beta,1.21016741,
CMax,ManyPeaksRange_Brachychiton_australis,Powell,2,1123.18825,12772.0,Alpha,4.700961,,Beta,6.2375079,
CMax,ManyPeaksRange_Brachychiton_australis,dual_annealing,1,1118.13308,413339.0,Alpha,6.73317714,,Beta,4.68972065,
Eller,ManyPeaksRange_Brachychiton_australis,differential_evolution,1,1117.31628,7416.0,kmaxS1,3.0874312,0.71993724,,,
Eller,ManyPeaksRange_Brachychiton_australis,basinhopping,3,1117.31628,665380.0,kmaxS1,3.08743117,0.71993723,,,
Eller,ManyPeaksRange_Brachychiton_australis,Powell,2,1117.31628,3399.0,kmaxS1,3.08743118,0.71993723,,,
Eller,ManyPeaksRange_Brachychiton_australis,dual_annealing,4,1117.31628,207957.0,kmaxS1,3.11974876,0.71993736,,,
LeastCost,ManyPeaksRange_Brachychiton_australis,differential_evolution,3,1116.02116,49749.0,kmaxLC,1.8462338,,Eta,0.9800388,
LeastCost,ManyPeaksRange_Brachychiton_australis,basinhopping,1,1114.80736,3246972.0,kmaxLC,16.5764739,,Eta,1.62496637,
LeastCost,ManyPeaksRange_Brachychiton_australis,Powell,4,1121.58048,20085.0,kmaxLC,19.5285855,0.30943144,Eta,2.3390546,
LeastCost,ManyPeaksRange_Brachychiton_australis,dual_annealing,2,1115.89822,559187.0,kmaxLC,1.89808529,0.45257336,Eta,1.21441077,0.41934784
Medlyn,ManyPeaksRange_Brachychiton_australis,differential_evolution,1,1121.79146,27501.0,g1,12.5,2.0666e-16,sref,0.56734782,0.26567279
Medlyn,ManyPeaksRange_Brachychiton_australis,basinhopping,3,1121.79146,1473312.0,g1,12.5,1.0396e-07,sref,0.5673478,0.26567279
Medlyn,ManyPeaksRange_Brachychiton_australis,Powell,4,1121.79146,4944.0,g1,12.5,1.2231e-10,sref,0.59459162,0.26567309
Medlyn,ManyPeaksRange_Brachychiton_australis,dual_annealing,2,1121.79146,415811.0,g1,12.5,3.04042533,sref,0.5745932,0.34010692
MES,ManyPeaksRange_Brachychiton_australis,differential_evolution,3,1116.87567,43569.0,krlM,14.6583717,1.11358366,PcritM,-2.91265743,
MES,ManyPeaksRange_Brachychiton_australis,basinhopping,1,1116.23536,2863503.0,krlM,16.6775692,1.71111329,PcritM,-2.89491502,0.41990483
MES,ManyPeaksRange_Brachychiton_australis,Powell,4,1119.19667,14317.0,krlM,16.2169337,1.05545966,PcritM,-3.24519024,0.13063185
MES,ManyPeaksRange_Brachychiton_australis,dual_annealing,2,1116.75015,533540.0,krlM,11.2231117,,PcritM,-4.40135541,
ProfitMax,ManyPeaksRange_Brachychiton_australis,differential_evolution,3,1109.29095,23690.0,kmax,6.2081519,0.79510987,,,
ProfitMax,ManyPeaksRange_Brachychiton_australis,basinhopping,2,1108.94265,2456138.0,kmax,6.53009759,0.1595863,,,
ProfitMax,ManyPeaksRange_Brachychiton_australis,Powell,4,1112.01832,7210.0,kmax,4.83830764,0.7882652,,,
ProfitMax,ManyPeaksRange_Brachychiton_australis,dual_annealing,1,1108.57299,247509.0,kmax,6.0029123,0.75826067,,,
ProfitMax2,ManyPeaksRange_Brachychiton_australis,differential_evolution,4,1110.11987,30591.0,kmax2,11.7299832,1.84896185,,,
ProfitMax2,ManyPeaksRange_Brachychiton_australis,basinhopping,2,1109.12067,2442336.0,kmax2,13.5754727,1.96262504,,,
ProfitMax2,ManyPeaksRange_Brachychiton_australis,Powell,3,1110.04874,6283.0,kmax2,14.275823,1.11841249,,,
ProfitMax2,ManyPeaksRange_Brachychiton_australis,dual_annealing,1,1109.10504,247303.0,kmax2,13.6168312,0.11939076,,,
SOX-OPT,ManyPeaksRange_Brachychiton_australis,differential_evolution,3,1112.24121,7931.0,kmaxS2,6.65049168,0.9913831,,,
SOX-OPT,ManyPeaksRange_Brachychiton_australis,basinhopping,2,1111.93449,31209.0,kmaxS2,6.45300032,0.96815684,,,
SOX-OPT,ManyPeaksRange_Brachychiton_australis,Powell,4,1112.26605,8755.0,kmaxS2,6.37270736,0.97986706,,,
SOX-OPT,ManyPeaksRange_Brachychiton_australis,dual_annealing,1,1111.7234,207957.0,kmaxS2,5.78173037,0.48601963,,,
Tuzet,ManyPeaksRange_Brachychiton_australis,differential_evolution,2,1113.58669,28428.0,g1T,12.5,1.6978e-16,kmaxT,16.8185893,1.28008391
Tuzet,ManyPeaksRange_Brachychiton_australis,basinhopping,4,1125.72902,1522443.0,g1T,11.7832454,0.57482503,kmaxT,0.61701776,
Tuzet,ManyPeaksRange_Brachychiton_australis,Powell,3,1113.7522,21424.0,g1T,12.4964943,0.06315857,kmaxT,12.595558,1.24832203
Tuzet,ManyPeaksRange_Brachychiton_australis,dual_annealing,1,1113.52109,414575.0,g1T,12.5,2.37583015,kmaxT,16.8282961,1.3355454
WUE-LWP,ManyPeaksRange_Brachychiton_australis,differential_evolution,3,1119.36594,9476.0,Lambda,0.19041789,0.16055984,,,
WUE-LWP,ManyPeaksRange_Brachychiton_australis,basinhopping,4,1119.4728,31209.0,Lambda,0.22257052,0.17344273,,,
WUE-LWP,ManyPeaksRange_Brachychiton_australis,Powell,2,1118.00084,5562.0,Lambda,0.22010326,0.14556859,,,
WUE-LWP,ManyPeaksRange_Brachychiton_australis,dual_annealing,1,1115.19453,207545.0,Lambda,0.22042919,0.95589264,,,
CAP,ManyPeaksRange_Cochlospermum_gillivraei,differential_evolution,3,938.563278,40572.0,krlC,19.9443761,0.49407591,PcritC,-2.28576043,
CAP,ManyPeaksRange_Cochlospermum_gillivraei,basinhopping,2,938.457909,1865892.0,krlC,19.9406898,0.44852515,PcritC,-2.28650165,0.00020093
CAP,ManyPeaksRange_Cochlospermum_gillivraei,Powell,4,938.603147,8064.0,krlC,19.9991842,0.04272223,PcritC,-2.2721712,
CAP,ManyPeaksRange_Cochlospermum_gillivraei,dual_annealing,1,938.379758,425796.0,krlC,19.7863402,,PcritC,-2.28652048,0.09242448
CGain,ManyPeaksRange_Cochlospermum_gillivraei,differential_evolution,1,924.59805,8988.0,Kappa,5.73539706,0.90828806,,,
CGain,ManyPeaksRange_Cochlospermum_gillivraei,basinhopping,3,925.270339,25452.0,Kappa,5.62635967,0.5551455,,,
CGain,ManyPeaksRange_Cochlospermum_gillivraei,Powell,4,926.034256,4536.0,Kappa,4.91712523,1.43254859,,,
CGain,ManyPeaksRange_Cochlospermum_gillivraei,dual_annealing,2,924.968545,170436.0,Kappa,5.83893179,,,,
CMax,ManyPeaksRange_Cochlospermum_gillivraei,differential_evolution,4,939.732952,27972.0,Alpha,39.5681174,,Beta,6.57978515,
CMax,ManyPeaksRange_Cochlospermum_gillivraei,basinhopping,1,937.358237,33936.0,Alpha,20.0670045,,Beta,6.83645923,
CMax,ManyPeaksRange_Cochlospermum_gillivraei,Powell,2,939.0266,7812.0,Alpha,39.0146486,,Beta,6.8720693,
CMax,ManyPeaksRange_Cochlospermum_gillivraei,dual_annealing,3,939.273801,337092.0,Alpha,40.3440963,,Beta,1.14857511,
Eller,ManyPeaksRange_Cochlospermum_gillivraei,differential_evolution,1,923.630587,6636.0,kmaxS1,19.999846,4.8214e-16,,,
Eller,ManyPeaksRange_Cochlospermum_gillivraei,basinhopping,2,923.630587,224868.0,kmaxS1,19.999846,8.3307e-09,,,
Eller,ManyPeaksRange_Cochlospermum_gillivraei,Powell,3,923.630587,2100.0,kmaxS1,19.999846,7.1657e-06,,,
Eller,ManyPeaksRange_Cochlospermum_gillivraei,dual_annealing,4,923.630587,168420.0,kmaxS1,19.9830995,6.49021494,,,
LeastCost,ManyPeaksRange_Cochlospermum_gillivraei,differential_evolution,3,925.403043,50904.0,kmaxLC,7.10156792,0.77365177,Eta,0.45088198,0.46752245
LeastCost,ManyPeaksRange_Cochlospermum_gillivraei,basinhopping,2,924.875784,2550996.0,kmaxLC,7.28336527,0.79227891,Eta,0.46578034,0.37675121
LeastCost,ManyPeaksRange_Cochlospermum_gillivraei,Powell,4,926.338393,10668.0,kmaxLC,7.21906166,0.7705166,Eta,0.04355127,0.19372394
LeastCost,ManyPeaksRange_Cochlospermum_gillivraei,dual_annealing,1,924.508148,684096.0,kmaxLC,7.27716384,0.65683211,Eta,0.5145458,
Medlyn,ManyPeaksRange_Cochlospermum_gillivraei,differential_evolution,2,941.856096,23184.0,g1,12.5,2.7229e-16,sref,0.01007696,5.6776e-16
Medlyn,ManyPeaksRange_Cochlospermum_gillivraei,basinhopping,3,941.856096,1470672.0,g1,12.5,7.9643e-08,sref,0.01007696,5.2966e-09
Medlyn,ManyPeaksRange_Cochlospermum_gillivraei,Powell,1,941.856096,4032.0,g1,12.5,1.3806e-06,sref,0.01007682,4.59e-05
Medlyn,ManyPeaksRange_Cochlospermum_gillivraei,dual_annealing,4,941.856096,336588.0,g1,12.5,3.22868413,sref,0.01,0.36483989
MES,ManyPeaksRange_Cochlospermum_gillivraei,differential_evolution,2,938.929352,27972.0,krlM,19.2621928,1.46836992,PcritM,-2.28636956,0.00370885
MES,ManyPeaksRange_Cochlospermum_gillivraei,basinhopping,1,938.410968,1889916.0,krlM,19.6749404,1.14120403,PcritM,-2.28377671,0.01163785
MES,ManyPeaksRange_Cochlospermum_gillivraei,Powell,3,938.969237,14196.0,krlM,20.0,5.7559e-08,PcritM,-2.25310299,0.06851999
MES,ManyPeaksRange_Cochlospermum_gillivraei,dual_annealing,4,939.121073,397320.0,krlM,19.9911365,0.65059,PcritM,-2.25760164,0.11400795
ProfitMax,ManyPeaksRange_Cochlospermum_gillivraei,differential_evolution,1,919.280511,16296.0,kmax,19.4651531,1.18882541,,,
ProfitMax,ManyPeaksRange_Cochlospermum_gillivraei,basinhopping,3,922.010233,1187676.0,kmax,19.8697335,0.62519471,,,
ProfitMax,ManyPeaksRange_Cochlospermum_gillivraei,Powell,4,923.677261,5544.0,kmax,19.8003564,0.77459866,,,
ProfitMax,ManyPeaksRange_Cochlospermum_gillivraei,dual_annealing,2,922.009123,210420.0,kmax,19.8625027,0.73618129,,,
ProfitMax2,ManyPeaksRange_Cochlospermum_gillivraei,differential_evolution,3,939.022276,9828.0,kmax2,19.7887625,2.54248742,,,
ProfitMax2,ManyPeaksRange_Cochlospermum_gillivraei,basinhopping,2,939.019612,1095780.0,kmax2,19.7879084,1.25664681,,,
ProfitMax2,ManyPeaksRange_Cochlospermum_gillivraei,Powell,4,940.038436,5712.0,kmax2,19.5080027,1.21691449,,,
ProfitMax2,ManyPeaksRange_Cochlospermum_gillivraei,dual_annealing,1,938.955951,206724.0,kmax2,19.8026566,,,,
SOX-OPT,ManyPeaksRange_Cochlospermum_gillivraei,differential_evolution,3,924.007452,6468.0,kmaxS2,19.849386,0.61682981,,,
SOX-OPT,ManyPeaksRange_Cochlospermum_gillivraei,basinhopping,2,923.759858,25452.0,kmaxS2,19.8814385,0.70282869,,,
SOX-OPT,ManyPeaksRange_Cochlospermum_gillivraei,Powell,4,924.112022,7224.0,kmaxS2,19.9997853,0.00447985,,,
SOX-OPT,ManyPeaksRange_Cochlospermum_gillivraei,dual_annealing,1,923.740657,169260.0,kmaxS2,19.8572336,0.46722783,,,
Tuzet,ManyPeaksRange_Cochlospermum_gillivraei,differential_evolution,2,947.687375,23184.0,g1T,12.5,1.4724e-16,kmaxT,19.9988708,
Tuzet,ManyPeaksRange_Cochlospermum_gillivraei,basinhopping,4,952.026611,1487808.0,g1T,12.4726958,0.06098024,kmaxT,7.25506571,
Tuzet,ManyPeaksRange_Cochlospermum_gillivraei,Powell,3,947.687375,13692.0,g1T,12.5,5.9372e-09,kmaxT,19.9996188,0.11034446
Tuzet,ManyPeaksRange_Cochlospermum_gillivraei,dual_annealing,1,947.602331,350952.0,g1T,12.5,3.17912554,kmaxT,17.6598709,6.02514458
WUE-LWP,ManyPeaksRange_Cochlospermum_gillivraei,differential_evolution,3,935.282308,7728.0,Lambda,0.14245863,0.08697809,,,
WUE-LWP,ManyPeaksRange_Cochlospermum_gillivraei,basinhopping,4,935.621197,25452.0,Lambda,0.15540669,0.10786719,,,
WUE-LWP,ManyPeaksRange_Cochlospermum_gillivraei,Powell,1,935.022494,8988.0,Lambda,0.12734852,0.06802765,,,
WUE-LWP,ManyPeaksRange_Cochlospermum_gillivraei,dual_annealing,2,935.273082,168924.0,Lambda,0.10130021,1.71775726,,,
CAP,Parque_Natural_Metropolitano_Calycophyllum_candidissimum,differential_evolution,4,283.366084,17088.0,krlC,0.37132087,0.08110182,PcritC,-4.84667823,0.23776195
CAP,Parque_Natural_Metropolitano_Calycophyllum_candidissimum,basinhopping,3,283.295073,1127552.0,krlC,0.40027759,0.07210503,PcritC,-4.87018498,0.04620445
CAP,Parque_Natural_Metropolitano_Calycophyllum_candidissimum,Powell,1,283.23314,6720.0,krlC,0.37137557,0.07152566,PcritC,-4.86714119,0.06745898
CAP,Parque_Natural_Metropolitano_Calycophyllum_candidissimum,dual_annealing,2,283.254594,177184.0,krlC,0.38473033,0.08432953,PcritC,-4.81428298,
CGain,Parque_Natural_Metropolitano_Calycophyllum_candidissimum,differential_evolution,3,271.069572,2944.0,Kappa,4.50178408,0.83268369,,,
CGain,Parque_Natural_Metropolitano_Calycophyllum_candidissimum,basinhopping,2,269.921166,9696.0,Kappa,5.56943079,1.00972385,,,
CGain,Parque_Natural_Metropolitano_Calycophyllum_candidissimum,Powell,1,269.082256,1600.0,Kappa,5.70399953,0.81995913,,,
CGain,Parque_Natural_Metropolitano_Calycophyllum_candidissimum,dual_annealing,4,271.489313,64288.0,Kappa,5.56873061,1.29604897,,,
CMax,Parque_Natural_Metropolitano_Calycophyllum_candidissimum,differential_evolution,1,265.013651,12576.0,Alpha,3.39902042,,Beta,7.97969694,
CMax,Parque_Natural_Metropolitano_Calycophyllum_candidissimum,basinhopping,4,269.032497,12928.0,Alpha,6.75949471,,Beta,0.16516513,
CMax,Parque_Natural_Metropolitano_Calycophyllum_candidissimum,Powell,3,268.771302,3232.0,Alpha,5.67359235,,Beta,0.45630365,
CMax,Parque_Natural_Metropolitano_Calycophyllum_candidissimum,dual_annealing,2,267.955173,128608.0,Alpha,5.33674062,,Beta,5.11918026,
Eller,Parque_Natural_Metropolitano_Calycophyllum_candidissimum,differential_evolution,3,267.219692,5824.0,kmaxS1,0.46679474,0.11007553,,,
Eller,Parque_Natural_Metropolitano_Calycophyllum_candidissimum,basinhopping,1,267.219692,253920.0,kmaxS1,0.46679487,0.11007551,,,
Eller,Parque_Natural_Metropolitano_Calycophyllum_candidissimum,Powell,4,267.219692,1856.0,kmaxS1,0.50173276,0.11007553,,,
Eller,Parque_Natural_Metropolitano_Calycophyllum_candidissimum,dual_annealing,2,267.219692,64800.0,kmaxS1,0.47806262,0.11007553,,,
LeastCost,Parque_Natural_Metropolitano_Calycophyllum_candidissimum,differential_evolution,1,251.050621,60000.0,kmaxLC,0.77751849,0.10113893,Eta,10.0115798,1.02937843
LeastCost,Parque_Natural_Metropolitano_Calycophyllum_candidissimum,basinhopping,3,254.920838,1066592.0,kmaxLC,0.78201438,0.10534563,Eta,10.3476044,0.99536873
LeastCost,Parque_Natural_Metropolitano_Calycophyllum_candidissimum,Powell,4,255.325524,6240.0,kmaxLC,0.77655259,0.11657464,Eta,11.4865274,0.82198023
LeastCost,Parque_Natural_Metropolitano_Calycophyllum_candidissimum,dual_annealing,2,253.617209,202432.0,kmaxLC,0.82165906,0.09224845,Eta,11.7324855,0.6979835
Medlyn,Parque_Natural_Metropolitano_Calycophyllum_candidissimum,differential_evolution,1,279.26144,11232.0,g1,4.91054974,2.12425295,sref,0.40987896,0.3256823
Medlyn,Parque_Natural_Metropolitano_Calycophyllum_candidissimum,basinhopping,4,279.261474,631136.0,g1,4.9105561,,sref,0.36283003,
Medlyn,Parque_Natural_Metropolitano_Calycophyllum_candidissimum,Powell,3,279.261447,4064.0,g1,4.90917147,2.12052115,sref,0.40998174,0.32522441
Medlyn,Parque_Natural_Metropolitano_Calycophyllum_candidissimum,dual_annealing,2,279.26144,129856.0,g1,4.91055129,2.12425402,sref,0.41526942,0.32568239
MES,Parque_Natural_Metropolitano_Calycophyllum_candidissimum,differential_evolution,4,266.33229,17376.0,krlM,1.61373079,0.300278,PcritM,-4.831878,0.07124377
MES,Parque_Natural_Metropolitano_Calycophyllum_candidissimum,basinhopping,1,266.172272,1002176.0,krlM,1.71015772,0.31766357,PcritM,-4.87198162,
MES,Parque_Natural_Metropolitano_Calycophyllum_candidissimum,Powell,3,266.314373,7296.0,krlM,1.54657919,0.36378689,PcritM,-4.85019084,0.17597736
MES,Parque_Natural_Metropolitano_Calycophyllum_candidissimum,dual_annealing,2,266.176586,201280.0,krlM,1.71021891,0.27591127,PcritM,-4.87249469,0.24965417
ProfitMax,Parque_Natural_Metropolitano_Calycophyllum_candidissimum,differential_evolution,2,268.884281,28704.0,kmax,1.37172951,0.1528094,,,
ProfitMax,Parque_Natural_Metropolitano_Calycophyllum_candidissimum,basinhopping,1,268.857955,777824.0,kmax,1.39872918,0.08872031,,,
ProfitMax,Parque_Natural_Metropolitano_Calycophyllum_candidissimum,Powell,4,269.943171,4480.0,kmax,1.40766852,0.39778445,,,
ProfitMax,Parque_Natural_Metropolitano_Calycophyllum_candidissimum,dual_annealing,3,268.884418,85280.0,kmax,1.39439417,0.11354415,,,
ProfitMax2,Parque_Natural_Metropolitano_Calycophyllum_candidissimum,differential_evolution,4,261.546771,12800.0,kmax2,4.47583886,0.37503708,,,
ProfitMax2,Parque_Natural_Metropolitano_Calycophyllum_candidissimum,basinhopping,3,261.017716,766784.0,kmax2,2.99513553,0.46377035,,,
ProfitMax2,Parque_Natural_Metropolitano_Calycophyllum_candidissimum,Powell,2,260.982997,3456.0,kmax2,3.3611438,0.49786766,,,
ProfitMax2,Parque_Natural_Metropolitano_Calycophyllum_candidissimum,dual_annealing,1,260.98298,83424.0,kmax2,3.39450952,0.49154459,,,
SOX-OPT,Parque_Natural_Metropolitano_Calycophyllum_candidissimum,differential_evolution,4,270.702893,3424.0,kmaxS2,1.32375936,0.21431106,,,
SOX-OPT,Parque_Natural_Metropolitano_Calycophyllum_candidissimum,basinhopping,3,270.699233,9696.0,kmaxS2,1.26142529,0.29034009,,,
SOX-OPT,Parque_Natural_Metropolitano_Calycophyllum_candidissimum,Powell,2,270.278717,3808.0,kmaxS2,1.34469729,0.21211547,,,
SOX-OPT,Parque_Natural_Metropolitano_Calycophyllum_candidissimum,dual_annealing,1,270.12842,64736.0,kmaxS2,1.31327033,0.20295308,,,
Tuzet,Parque_Natural_Metropolitano_Calycophyllum_candidissimum,differential_evolution,2,273.260692,17952.0,g1T,7.56111033,1.74911191,kmaxT,0.56187485,0.66966501
Tuzet,Parque_Natural_Metropolitano_Calycophyllum_candidissimum,basinhopping,3,273.278086,681408.0,g1T,7.7787945,1.13274292,kmaxT,0.58703977,0.41179913
Tuzet,Parque_Natural_Metropolitano_Calycophyllum_candidissimum,Powell,4,273.328499,4800.0,g1T,7.41409072,,kmaxT,0.54458646,
Tuzet,Parque_Natural_Metropolitano_Calycophyllum_candidissimum,dual_annealing,1,273.239497,226528.0,g1T,7.60980916,0.96674848,kmaxT,0.58130475,0.26010211
WUE-LWP,Parque_Natural_Metropolitano_Calycophyllum_candidissimum,differential_evolution,1,276.270497,3904.0,Lambda,1.49430527,0.29455728,,,
WUE-LWP,Parque_Natural_Metropolitano_Calycophyllum_candidissimum,basinhopping,4,276.985169,9696.0,Lambda,1.71350301,0.38037777,,,
WUE-LWP,Parque_Natural_Metropolitano_Calycophyllum_candidissimum,Powell,3,276.70194,1152.0,Lambda,1.54767376,0.36314871,,,
WUE-LWP,Parque_Natural_Metropolitano_Calycophyllum_candidissimum,dual_annealing,2,276.396439,64480.0,Lambda,1.63402869,0.2268353,,,
CAP,Puechabon_Quercus_ilex,differential_evolution,1,214.785161,120864.0,krlC,1.8050766,0.14674401,PcritC,-3.93645516,
CAP,Puechabon_Quercus_ilex,basinhopping,3,215.329604,686496.0,krlC,2.07182158,0.20387996,PcritC,-3.61806733,0.05385769
CAP,Puechabon_Quercus_ilex,Powell,4,219.305975,4544.0,krlC,0.84980675,,PcritC,-6.90392322,
CAP,Puechabon_Quercus_ilex,dual_annealing,2,215.091728,176608.0,krlC,2.16162229,0.19440036,PcritC,-3.3301044,0.00601662
CGain,Puechabon_Quercus_ilex,differential_evolution,3,221.599559,4384.0,Kappa,9.44829433,2.45977185,,,
CGain,Puechabon_Quercus_ilex,basinhopping,2,221.303281,9696.0,Kappa,9.67674423,2.24354771,,,
CGain,Puechabon_Quercus_ilex,Powell,4,221.63057,1504.0,Kappa,17.288824,4.0131794,,,
CGain,Puechabon_Quercus_ilex,dual_annealing,1,220.963102,64416.0,Kappa,9.64108879,4.65359571,,,
CMax,Puechabon_Quercus_ilex,differential_evolution,2,234.627627,14496.0,Alpha,0.50009632,,Beta,5.53785284,
CMax,Puechabon_Quercus_ilex,basinhopping,3,236.928991,12928.0,Alpha,0.52610292,,Beta,0.10020195,
CMax,Puechabon_Quercus_ilex,Powell,1,231.708088,1856.0,Alpha,0.60171512,,Beta,0.45630365,
CMax,Puechabon_Quercus_ilex,dual_annealing,4,237.687283,128896.0,Alpha,0.67770405,,Beta,5.271092,
Eller,Puechabon_Quercus_ilex,differential_evolution,1,216.277272,5088.0,kmaxS1,0.08177242,0.01003964,,,
Eller,Puechabon_Quercus_ilex,basinhopping,4,216.277272,346336.0,kmaxS1,0.09611252,0.01003964,,,
Eller,Puechabon_Quercus_ilex,Powell,2,216.277272,1280.0,kmaxS1,0.08177242,0.01003964,,,
Eller,Puechabon_Quercus_ilex,dual_annealing,3,216.277272,65120.0,kmaxS1,0.08323861,0.01003964,,,
LeastCost,Puechabon_Quercus_ilex,differential_evolution,3,222.835078,19296.0,kmaxLC,0.24500478,0.02421333,Eta,9.80358225,2.76787878
LeastCost,Puechabon_Quercus_ilex,basinhopping,2,222.625614,1143904.0,kmaxLC,0.24306547,,Eta,9.57407471,
LeastCost,Puechabon_Quercus_ilex,Powell,4,229.950385,6592.0,kmaxLC,10.6774947,21.2103248,Eta,31.0992724,5.49546619
LeastCost,Puechabon_Quercus_ilex,dual_annealing,1,222.366749,221440.0,kmaxLC,0.24330589,0.02240891,Eta,9.98065928,1.82185122
Medlyn,Puechabon_Quercus_ilex,differential_evolution,3,230.609263,12192.0,g1,2.22620076,0.3492163,sref,0.28210288,0.17197637
Medlyn,Puechabon_Quercus_ilex,basinhopping,4,230.609263,649184.0,g1,2.22620086,0.33971946,sref,0.33531016,0.16886329
Medlyn,Puechabon_Quercus_ilex,Powell,2,230.609263,5376.0,g1,2.22620881,0.34921851,sref,0.28210514,0.1719772
Medlyn,Puechabon_Quercus_ilex,dual_annealing,1,230.609263,130624.0,g1,2.2262007,0.34921629,sref,0.28565123,0.17197636
MES,Puechabon_Quercus_ilex,differential_evolution,3,220.888925,38496.0,krlM,0.87437083,0.08423036,PcritM,-5.37630064,0.10434305
MES,Puechabon_Quercus_ilex,basinhopping,2,220.74589,958176.0,krlM,1.10967563,0.1109183,PcritM,-4.56204568,0.07793278
MES,Puechabon_Quercus_ilex,Powell,4,222.188072,5088.0,krlM,0.6170049,0.0674006,PcritM,-7.00439993,0.31287008
MES,Puechabon_Quercus_ilex,dual_annealing,1,219.641378,175648.0,krlM,1.23948737,0.10064696,PcritM,-4.23563285,0.04429869
ProfitMax,Puechabon_Quercus_ilex,differential_evolution,3,217.238267,8928.0,kmax,0.40115305,0.03248474,,,
ProfitMax,Puechabon_Quercus_ilex,basinhopping,2,217.055671,819200.0,kmax,0.40818152,0.03158498,,,
ProfitMax,Puechabon_Quercus_ilex,Powell,4,217.624276,4832.0,kmax,0.45716418,0.0305689,,,
ProfitMax,Puechabon_Quercus_ilex,dual_annealing,1,216.895439,87264.0,kmax,0.41453929,0.03140365,,,
ProfitMax2,Puechabon_Quercus_ilex,differential_evolution,1,215.852839,14848.0,kmax2,0.79415332,0.11148812,,,
ProfitMax2,Puechabon_Quercus_ilex,basinhopping,2,215.852891,816448.0,kmax2,0.83992881,0.07342795,,,
ProfitMax2,Puechabon_Quercus_ilex,Powell,3,216.706837,3488.0,kmax2,0.77386594,0.07627784,,,
ProfitMax2,Puechabon_Quercus_ilex,dual_annealing,4,216.739798,76256.0,kmax2,0.8034142,0.07092862,,,
SOX-OPT,Puechabon_Quercus_ilex,differential_evolution,1,216.865964,6784.0,kmaxS2,0.40518126,0.03112992,,,
SOX-OPT,Puechabon_Quercus_ilex,basinhopping,4,218.235587,9696.0,kmaxS2,0.37753666,0.03281955,,,
SOX-OPT,Puechabon_Quercus_ilex,Powell,3,217.450539,4224.0,kmaxS2,0.42891465,0.03211446,,,
SOX-OPT,Puechabon_Quercus_ilex,dual_annealing,2,216.88874,64608.0,kmaxS2,0.41527012,0.03181372,,,
Tuzet,Puechabon_Quercus_ilex,differential_evolution,2,224.866338,27168.0,g1T,2.42763404,0.09281614,kmaxT,1.95875897,0.27902807
Tuzet,Puechabon_Quercus_ilex,basinhopping,4,225.309998,455840.0,g1T,2.41704197,0.0936208,kmaxT,2.02257603,0.29837839
Tuzet,Puechabon_Quercus_ilex,Powell,3,224.878774,4992.0,g1T,2.43293006,0.09277968,kmaxT,1.98089829,0.28340474
Tuzet,Puechabon_Quercus_ilex,dual_annealing,1,224.863744,183808.0,g1T,2.43270462,0.16667213,kmaxT,1.9953497,0.3947566
WUE-LWP,Puechabon_Quercus_ilex,differential_evolution,3,229.088778,4864.0,Lambda,2.86459971,0.3976664,,,
WUE-LWP,Puechabon_Quercus_ilex,basinhopping,2,229.064726,9696.0,Lambda,2.63154055,0.25706356,,,
WUE-LWP,Puechabon_Quercus_ilex,Powell,4,229.289845,2016.0,Lambda,2.69265353,0.26771792,,,
WUE-LWP,Puechabon_Quercus_ilex,dual_annealing,1,228.084515,64224.0,Lambda,2.55564069,0.18215289,,,
CAP,Richmond_Eucalyptus_cladocalyx,differential_evolution,1,733.414709,139860.0,krlC,15.5147372,0.37385293,PcritC,-3.44831424,
CAP,Richmond_Eucalyptus_cladocalyx,basinhopping,3,739.023216,2545650.0,krlC,15.9703031,,PcritC,-3.46138453,
CAP,Richmond_Eucalyptus_cladocalyx,Powell,4,744.407047,15300.0,krlC,8.20120211,0.28806171,PcritC,-5.32371733,0.04022694
CAP,Richmond_Eucalyptus_cladocalyx,dual_annealing,2,736.998246,543960.0,krlC,10.4657884,0.35158752,PcritC,-4.55709133,0.0679616
CGain,Richmond_Eucalyptus_cladocalyx,differential_evolution,3,770.434511,9630.0,Kappa,22.3774143,1.48191781,,,
CGain,Richmond_Eucalyptus_cladocalyx,basinhopping,4,770.730372,27270.0,Kappa,18.7564323,0.9724189,,,
CGain,Richmond_Eucalyptus_cladocalyx,Powell,2,762.988618,3870.0,Kappa,21.4527809,0.89144213,,,
CGain,Richmond_Eucalyptus_cladocalyx,dual_annealing,1,749.715841,181530.0,Kappa,18.5559981,0.2952548,,,
CMax,Richmond_Eucalyptus_cladocalyx,differential_evolution,2,818.493502,54270.0,Alpha,4.27749118,,Beta,6.48222583,
CMax,Richmond_Eucalyptus_cladocalyx,basinhopping,4,822.866323,36360.0,Alpha,4.53824825,,Beta,1.54391021,
CMax,Richmond_Eucalyptus_cladocalyx,Powell,3,819.118283,9900.0,Alpha,3.95490616,,Beta,6.2375079,
CMax,Richmond_Eucalyptus_cladocalyx,dual_annealing,1,797.838441,361440.0,Alpha,4.0661335,,Beta,1.77818307,
Eller,Richmond_Eucalyptus_cladocalyx,differential_evolution,3,748.313096,10350.0,kmaxS1,1.27674627,0.04768567,,,
Eller,Richmond_Eucalyptus_cladocalyx,basinhopping,2,748.313096,748440.0,kmaxS1,1.2767463,0.04768567,,,
Eller,Richmond_Eucalyptus_cladocalyx,Powell,4,748.313096,3240.0,kmaxS1,1.33496736,0.04768567,,,
Eller,Richmond_Eucalyptus_cladocalyx,dual_annealing,1,748.313096,182430.0,kmaxS1,1.29841711,0.04768567,,,
LeastCost,Richmond_Eucalyptus_cladocalyx,differential_evolution,2,771.97105,139860.0,kmaxLC,1.27408111,0.04612515,Eta,2.16339851,0.08329554
LeastCost,Richmond_Eucalyptus_cladocalyx,basinhopping,3,783.453767,2621700.0,kmaxLC,1.15639854,0.03108131,Eta,1.67485889,0.09950753
LeastCost,Richmond_Eucalyptus_cladocalyx,Powell,4,833.796831,18090.0,kmaxLC,19.0695048,0.38001176,Eta,4.71720017,0.20988765
LeastCost,Richmond_Eucalyptus_cladocalyx,dual_annealing,1,770.465294,424620.0,kmaxLC,1.15265488,0.03302228,Eta,1.82671312,0.07475527
Medlyn,Richmond_Eucalyptus_cladocalyx,differential_evolution,1,769.521801,48330.0,g1,4.82205004,0.39125838,sref,0.02778042,0.09007626
Medlyn,Richmond_Eucalyptus_cladocalyx,basinhopping,3,769.521801,2484360.0,g1,4.82204962,0.39125989,sref,0.03601954,0.09007664
Medlyn,Richmond_Eucalyptus_cladocalyx,Powell,4,769.521939,21600.0,g1,4.82145712,0.40903736,sref,0.02737687,0.09452056
Medlyn,Richmond_Eucalyptus_cladocalyx,dual_annealing,2,769.521801,363600.0,g1,4.82204848,0.39476871,sref,0.02464314,0.09095781
MES,Richmond_Eucalyptus_cladocalyx,differential_evolution,1,752.958434,83970.0,krlM,3.84631692,0.58366157,PcritM,-7.15942774,0.93435337
MES,Richmond_Eucalyptus_cladocalyx,basinhopping,3,755.966833,2987280.0,krlM,3.5801721,0.11364349,PcritM,-7.28076211,0.05095003
MES,Richmond_Eucalyptus_cladocalyx,Powell,4,756.119271,15390.0,krlM,5.14432329,0.22583661,PcritM,-5.50542897,0.10188955
MES,Richmond_Eucalyptus_cladocalyx,dual_annealing,2,754.847865,516690.0,krlM,7.65177904,0.23660219,PcritM,-3.88801981,0.0119719
ProfitMax,Richmond_Eucalyptus_cladocalyx,differential_evolution,2,737.099092,46890.0,kmax,3.31341039,0.08702915,,,
ProfitMax,Richmond_Eucalyptus_cladocalyx,basinhopping,3,737.852229,2318850.0,kmax,3.31321726,0.0867946,,,
ProfitMax,Richmond_Eucalyptus_cladocalyx,Powell,4,743.597322,8370.0,kmax,3.35121239,0.08300778,,,
ProfitMax,Richmond_Eucalyptus_cladocalyx,dual_annealing,1,734.974265,221850.0,kmax,3.34507118,0.08809109,,,
ProfitMax2,Richmond_Eucalyptus_cladocalyx,differential_evolution,3,762.392197,29790.0,kmax2,8.35235664,0.29257902,,,
ProfitMax2,Richmond_Eucalyptus_cladocalyx,basinhopping,2,762.391253,2276910.0,kmax2,8.35221482,0.29263821,,,
ProfitMax2,Richmond_Eucalyptus_cladocalyx,Powell,4,764.13949,6030.0,kmax2,8.35750191,0.30210266,,,
ProfitMax2,Richmond_Eucalyptus_cladocalyx,dual_annealing,1,761.765579,199890.0,kmax2,8.57316368,0.56427976,,,
SOX-OPT,Richmond_Eucalyptus_cladocalyx,differential_evolution,1,737.800508,24480.0,kmaxS2,3.37973406,0.09194413,,,
SOX-OPT,Richmond_Eucalyptus_cladocalyx,basinhopping,4,740.472673,27270.0,kmaxS2,3.37011237,0.09473566,,,
SOX-OPT,Richmond_Eucalyptus_cladocalyx,Powell,3,739.555207,7560.0,kmaxS2,3.50681245,0.09453229,,,
SOX-OPT,Richmond_Eucalyptus_cladocalyx,dual_annealing,2,737.827877,181170.0,kmaxS2,3.50519073,0.08660153,,,
Tuzet,Richmond_Eucalyptus_cladocalyx,differential_evolution,3,775.812068,62640.0,g1T,5.91262206,0.16139467,kmaxT,3.533113,0.22665894
Tuzet,Richmond_Eucalyptus_cladocalyx,basinhopping,1,775.679019,2245140.0,g1T,5.89621967,0.1612992,kmaxT,3.52247995,0.2230301
Tuzet,Richmond_Eucalyptus_cladocalyx,Powell,4,807.103074,11250.0,g1T,5.06097576,0.09553121,kmaxT,15.1314132,
Tuzet,Richmond_Eucalyptus_cladocalyx,dual_annealing,2,775.67902,534780.0,g1T,5.8966644,0.12651211,kmaxT,3.55681079,0.10127411
WUE-LWP,Richmond_Eucalyptus_cladocalyx,differential_evolution,2,794.41869,9630.0,Lambda,0.54122599,0.02076076,,,
WUE-LWP,Richmond_Eucalyptus_cladocalyx,basinhopping,3,796.366285,27270.0,Lambda,0.54360464,0.02338376,,,
WUE-LWP,Richmond_Eucalyptus_cladocalyx,Powell,4,797.457181,4590.0,Lambda,0.55246793,0.02038926,,,
WUE-LWP,Richmond_Eucalyptus_cladocalyx,dual_annealing,1,791.57515,182250.0,Lambda,0.5468998,0.0136872,,,
CAP,Richmond_Eucalyptus_dunnii,differential_evolution,1,910.847147,99360.0,krlC,16.7776667,0.89527044,PcritC,-2.74531937,0.05215526
CAP,Richmond_Eucalyptus_dunnii,basinhopping,3,911.822024,2239004.0,krlC,16.7951904,1.32993737,PcritC,-2.73273314,0.19218402
CAP,Richmond_Eucalyptus_dunnii,Powell,4,924.005819,12880.0,krlC,8.48414648,0.72410999,PcritC,-4.80203997,0.2928175
CAP,Richmond_Eucalyptus_dunnii,dual_annealing,2,911.030214,511336.0,krlC,17.0899862,0.47955107,PcritC,-2.66276911,0.04683191
CGain,Richmond_Eucalyptus_dunnii,differential_evolution,4,897.275124,11224.0,Kappa,19.957591,2.09599341,,,
CGain,Richmond_Eucalyptus_dunnii,basinhopping,2,896.245789,27876.0,Kappa,22.1551063,2.73731936,,,
CGain,Richmond_Eucalyptus_dunnii,Powell,3,896.893827,7544.0,Kappa,16.8119907,1.29251932,,,
CGain,Richmond_Eucalyptus_dunnii,dual_annealing,1,889.087014,184828.0,Kappa,20.4041997,0.97634005,,,
CMax,Richmond_Eucalyptus_dunnii,differential_evolution,4,940.307828,36156.0,Alpha,6.30828406,,Beta,5.71471763,
CMax,Richmond_Eucalyptus_dunnii,basinhopping,2,933.520776,37168.0,Alpha,5.42992324,,Beta,2.37148567,
CMax,Richmond_Eucalyptus_dunnii,Powell,1,930.508933,6164.0,Alpha,4.32840183,,Beta,0.45630365,
CMax,Richmond_Eucalyptus_dunnii,dual_annealing,3,939.217165,370576.0,Alpha,6.25553417,,Beta,6.53713174,
Eller,Richmond_Eucalyptus_dunnii,differential_evolution,3,933.811762,10580.0,kmaxS1,1.60067829,0.12376733,,,
Eller,Richmond_Eucalyptus_dunnii,basinhopping,1,933.811762,627164.0,kmaxS1,1.60067832,0.12376734,,,
Eller,Richmond_Eucalyptus_dunnii,Powell,4,933.811762,3312.0,kmaxS1,1.66585562,0.12376733,,,
Eller,Richmond_Eucalyptus_dunnii,dual_annealing,2,933.811762,185748.0,kmaxS1,1.62533487,0.12376734,,,
LeastCost,Richmond_Eucalyptus_dunnii,differential_evolution,3,885.561435,145452.0,kmaxLC,1.26415541,0.04958784,Eta,1.69933906,0.11447722
LeastCost,Richmond_Eucalyptus_dunnii,basinhopping,4,887.69342,3030204.0,kmaxLC,1.33329204,0.04627883,Eta,2.10231885,0.12626045
LeastCost,Richmond_Eucalyptus_dunnii,Powell,1,883.421934,20700.0,kmaxLC,1.32221585,0.05229719,Eta,1.7573128,0.62586311
LeastCost,Richmond_Eucalyptus_dunnii,dual_annealing,2,884.587848,573712.0,kmaxLC,1.2955486,0.04743949,Eta,1.77858827,0.05703258
Medlyn,Richmond_Eucalyptus_dunnii,differential_evolution,2,883.980272,37812.0,g1,6.21668607,0.32670504,sref,0.73038659,0.14368495
Medlyn,Richmond_Eucalyptus_dunnii,basinhopping,3,883.980272,1964844.0,g1,6.21668636,0.32670505,sref,0.79689248,0.14368495
Medlyn,Richmond_Eucalyptus_dunnii,Powell,4,883.980302,9384.0,g1,6.21721155,0.3266637,sref,0.7310162,0.14368161
Medlyn,Richmond_Eucalyptus_dunnii,dual_annealing,1,883.980272,372508.0,g1,6.21668839,0.32670518,sref,0.73924744,0.14368505
MES,Richmond_Eucalyptus_dunnii,differential_evolution,1,896.967292,102396.0,krlM,17.0686773,0.76954337,PcritM,-1.83100574,0.0422672
MES,Richmond_Eucalyptus_dunnii,basinhopping,3,904.255459,2135228.0,krlM,14.6288694,0.75716727,PcritM,-2.15640243,0.04645662
MES,Richmond_Eucalyptus_dunnii,Powell,4,918.04288,38732.0,krlM,5.4653874,0.3113837,PcritM,-4.82792581,0.11391626
MES,Richmond_Eucalyptus_dunnii,dual_annealing,2,896.989003,607108.0,krlM,17.0637113,,PcritM,-1.81397094,0.02122201
ProfitMax,Richmond_Eucalyptus_dunnii,differential_evolution,3,905.870434,32016.0,kmax,3.84027867,0.14694261,,,
ProfitMax,Richmond_Eucalyptus_dunnii,basinhopping,2,904.273329,2188404.0,kmax,4.07385328,0.20210166,,,
ProfitMax,Richmond_Eucalyptus_dunnii,Powell,4,917.76852,5612.0,kmax,3.4442328,0.18811376,,,
ProfitMax,Richmond_Eucalyptus_dunnii,dual_annealing,1,904.272154,218868.0,kmax,4.10975598,0.13320339,,,
ProfitMax2,Richmond_Eucalyptus_dunnii,differential_evolution,4,917.105058,31096.0,kmax2,9.24906779,0.69146553,,,
ProfitMax2,Richmond_Eucalyptus_dunnii,basinhopping,2,915.547402,2366792.0,kmax2,8.28939133,0.50036275,,,
ProfitMax2,Richmond_Eucalyptus_dunnii,Powell,3,916.681121,8556.0,kmax2,9.24264498,0.57975175,,,
ProfitMax2,Richmond_Eucalyptus_dunnii,dual_annealing,1,914.291872,242052.0,kmax2,8.33241124,,,,
SOX-OPT,Richmond_Eucalyptus_dunnii,differential_evolution,2,907.6886,13984.0,kmaxS2,4.13608706,0.21468262,,,
SOX-OPT,Richmond_Eucalyptus_dunnii,basinhopping,4,909.069575,27876.0,kmaxS2,4.00147928,0.20157531,,,
SOX-OPT,Richmond_Eucalyptus_dunnii,Powell,3,908.559503,4968.0,kmaxS2,4.00531635,0.21656772,,,
SOX-OPT,Richmond_Eucalyptus_dunnii,dual_annealing,1,907.013108,185564.0,kmaxS2,4.17204671,0.19391444,,,
Tuzet,Richmond_Eucalyptus_dunnii,differential_evolution,2,898.366444,75900.0,g1T,7.26274365,0.36170034,kmaxT,3.43540597,0.45999643
Tuzet,Richmond_Eucalyptus_dunnii,basinhopping,4,898.72903,2648036.0,g1T,7.23456479,0.2066639,kmaxT,3.4609702,0.71854352
Tuzet,Richmond_Eucalyptus_dunnii,Powell,3,898.636902,24656.0,g1T,7.3359254,,kmaxT,3.63435934,
Tuzet,Richmond_Eucalyptus_dunnii,dual_annealing,1,898.334533,730204.0,g1T,7.30107976,0.14325583,kmaxT,3.49033058,0.1270377
WUE-LWP,Richmond_Eucalyptus_dunnii,differential_evolution,1,915.600751,13984.0,Lambda,0.46417969,0.02242223,,,
WUE-LWP,Richmond_Eucalyptus_dunnii,basinhopping,3,917.672508,27876.0,Lambda,0.4914522,0.01818357,,,
WUE-LWP,Richmond_Eucalyptus_dunnii,Powell,2,916.91474,4784.0,Lambda,0.55078654,0.03152009,,,
WUE-LWP,Richmond_Eucalyptus_dunnii,dual_annealing,4,918.019164,185564.0,Lambda,0.53446434,0.03071832,,,
CAP,Richmond_Eucalyptus_saligna,differential_evolution,2,733.447921,48438.0,krlC,18.6915204,0.47634278,PcritC,-2.21976022,0.03805938
CAP,Richmond_Eucalyptus_saligna,basinhopping,3,733.606602,1896960.0,krlC,18.621148,0.43054789,PcritC,-2.19378043,0.03732244
CAP,Richmond_Eucalyptus_saligna,Powell,4,746.962197,16146.0,krlC,10.3129346,1.12406421,PcritC,-3.42396719,0.19571364
CAP,Richmond_Eucalyptus_saligna,dual_annealing,1,733.172644,402870.0,krlC,18.3385927,0.36540242,PcritC,-2.17593534,0.02634413
CGain,Richmond_Eucalyptus_saligna,differential_evolution,1,732.817098,8346.0,Kappa,20.7342369,1.62701586,,,
CGain,Richmond_Eucalyptus_saligna,basinhopping,3,736.15136,23634.0,Kappa,17.9970227,1.50314711,,,
CGain,Richmond_Eucalyptus_saligna,Powell,2,734.890774,3978.0,Kappa,23.1640228,0.89953209,,,
CGain,Richmond_Eucalyptus_saligna,dual_annealing,4,738.378424,157170.0,Kappa,28.9663452,0.62775497,,,
CMax,Richmond_Eucalyptus_saligna,differential_evolution,2,762.792363,23634.0,Alpha,9.41183467,,Beta,1.34234229,
CMax,Richmond_Eucalyptus_saligna,basinhopping,1,752.353231,31512.0,Alpha,9.03838853,,Beta,1.16309471,
CMax,Richmond_Eucalyptus_saligna,Powell,4,774.063426,8112.0,Alpha,10.2743321,,Beta,0.45630365,
CMax,Richmond_Eucalyptus_saligna,dual_annealing,3,772.833618,313248.0,Alpha,9.83585377,,Beta,0.45556935,
Eller,Richmond_Eucalyptus_saligna,differential_evolution,3,749.58404,8970.0,kmaxS1,1.43635989,0.13263642,,,
Eller,Richmond_Eucalyptus_saligna,basinhopping,2,749.58404,527748.0,kmaxS1,1.4363599,0.13263642,,,
Eller,Richmond_Eucalyptus_saligna,Powell,4,749.58404,1872.0,kmaxS1,1.49810403,0.13263585,,,
Eller,Richmond_Eucalyptus_saligna,dual_annealing,1,749.58404,158106.0,kmaxS1,1.4595551,0.13263642,,,
LeastCost,Richmond_Eucalyptus_saligna,differential_evolution,4,718.067042,87984.0,kmaxLC,1.66942127,0.08369262,Eta,3.64681318,0.24183646
LeastCost,Richmond_Eucalyptus_saligna,basinhopping,3,717.756128,2616588.0,kmaxLC,1.68576569,0.08576925,Eta,3.38078437,0.2401943
LeastCost,Richmond_Eucalyptus_saligna,Powell,2,717.30119,19578.0,kmaxLC,1.64288217,0.08188368,Eta,3.56493288,0.40943099
LeastCost,Richmond_Eucalyptus_saligna,dual_annealing,1,716.350405,483366.0,kmaxLC,1.7340534,0.0807896,Eta,3.32793177,
Medlyn,Richmond_Eucalyptus_saligna,differential_evolution,3,715.821531,34632.0,g1,5.9751324,0.46745164,sref,0.89279328,0.16389034
Medlyn,Richmond_Eucalyptus_saligna,basinhopping,4,715.821531,2045316.0,g1,5.97513802,0.46745225,sref,0.95281329,0.16389048
Medlyn,Richmond_Eucalyptus_saligna,Powell,1,715.821531,13260.0,g1,5.97513801,0.46745225,sref,0.89279472,0.16389048
Medlyn,Richmond_Eucalyptus_saligna,dual_annealing,2,715.821531,315354.0,g1,5.97513842,0.4674523,sref,0.90304679,0.16389048
MES,Richmond_Eucalyptus_saligna,differential_evolution,1,740.172107,140634.0,krlM,11.207224,0.73441577,PcritM,-2.11099756,0.00947442
MES,Richmond_Eucalyptus_saligna,basinhopping,3,745.26308,1677312.0,krlM,13.4557524,0.91124846,PcritM,-1.89954519,0.0285956
MES,Richmond_Eucalyptus_saligna,Powell,4,750.074793,14976.0,krlM,5.79149106,0.40310987,PcritM,-3.55544632,0.04725367
MES,Richmond_Eucalyptus_saligna,dual_annealing,2,740.915026,467922.0,krlM,11.4125813,,PcritM,-2.12171684,0.0095136
ProfitMax,Richmond_Eucalyptus_saligna,differential_evolution,1,743.615276,41418.0,kmax,3.83682627,0.24467361,,,
ProfitMax,Richmond_Eucalyptus_saligna,basinhopping,3,743.703029,2000154.0,kmax,3.80856499,0.23786184,,,
ProfitMax,Richmond_Eucalyptus_saligna,Powell,4,746.874924,10530.0,kmax,3.76341666,0.23937824,,,
ProfitMax,Richmond_Eucalyptus_saligna,dual_annealing,2,743.615545,189150.0,kmax,3.87188776,0.09796744,,,
ProfitMax2,Richmond_Eucalyptus_saligna,differential_evolution,2,735.816544,28938.0,kmax2,9.14217853,0.62205482,,,
ProfitMax2,Richmond_Eucalyptus_saligna,basinhopping,3,737.068229,1851642.0,kmax2,9.14630959,0.60427518,,,
ProfitMax2,Richmond_Eucalyptus_saligna,Powell,4,737.682546,5616.0,kmax2,9.2547548,0.68199786,,,
ProfitMax2,Richmond_Eucalyptus_saligna,dual_annealing,1,735.816437,197730.0,kmax2,9.18468623,0.38606607,,,
SOX-OPT,Richmond_Eucalyptus_saligna,differential_evolution,3,745.556771,16536.0,kmaxS2,4.03913164,0.26146172,,,
SOX-OPT,Richmond_Eucalyptus_saligna,basinhopping,4,748.252716,23634.0,kmaxS2,3.89341964,0.26535686,,,
SOX-OPT,Richmond_Eucalyptus_saligna,Powell,2,745.550228,6552.0,kmaxS2,4.14026366,0.26469266,,,
SOX-OPT,Richmond_Eucalyptus_saligna,dual_annealing,1,745.550228,157170.0,kmaxS2,4.07493672,0.1896899,,,
Tuzet,Richmond_Eucalyptus_saligna,differential_evolution,1,726.715039,42120.0,g1T,5.74111055,0.23141738,kmaxT,9.19917281,0.60470945
Tuzet,Richmond_Eucalyptus_saligna,basinhopping,2,727.705341,2169336.0,g1T,5.66974108,0.48712218,kmaxT,9.10842484,3.39712103
Tuzet,Richmond_Eucalyptus_saligna,Powell,4,739.303087,16068.0,g1T,5.14600749,0.20817919,kmaxT,17.8729669,1.50783798
Tuzet,Richmond_Eucalyptus_saligna,dual_annealing,3,727.808767,405678.0,g1T,6.32295528,0.34314379,kmaxT,5.70812229,0.42297282
WUE-LWP,Richmond_Eucalyptus_saligna,differential_evolution,1,735.222577,8346.0,Lambda,0.84184988,0.05799767,,,
WUE-LWP,Richmond_Eucalyptus_saligna,basinhopping,4,739.74528,23634.0,Lambda,0.63374732,0.03965265,,,
WUE-LWP,Richmond_Eucalyptus_saligna,Powell,3,736.022072,3744.0,Lambda,0.76651237,0.06089069,,,
WUE-LWP,Richmond_Eucalyptus_saligna,dual_annealing,2,735.424124,156858.0,Lambda,0.73563168,0.04013173,,,
CAP,San_Lorenzo_Carapa_guianensis,differential_evolution,3,252.090941,17388.0,krlC,2.36659185,0.23982217,PcritC,-3.13369391,0.03347213
CAP,San_Lorenzo_Carapa_guianensis,basinhopping,2,251.863482,1129824.0,krlC,2.47083639,0.25918421,PcritC,-2.83638173,0.04764385
CAP,San_Lorenzo_Carapa_guianensis,Powell,4,267.766987,5976.0,krlC,14.7869903,1.81538315,PcritC,-1.06527299,0.00618512
CAP,San_Lorenzo_Carapa_guianensis,dual_annealing,1,251.582324,191880.0,krlC,3.27411743,0.86700344,PcritC,-2.25155267,0.37442162
CGain,San_Lorenzo_Carapa_guianensis,differential_evolution,1,266.612454,5472.0,Kappa,17.523502,2.30388222,,,
CGain,San_Lorenzo_Carapa_guianensis,basinhopping,4,267.639791,10908.0,Kappa,18.3854449,2.88882509,,,
CGain,San_Lorenzo_Carapa_guianensis,Powell,2,266.723564,1944.0,Kappa,18.0314141,1.97315359,,,
CGain,San_Lorenzo_Carapa_guianensis,dual_annealing,3,266.956326,72756.0,Kappa,19.5273639,0.81803707,,,
CMax,San_Lorenzo_Carapa_guianensis,differential_evolution,1,250.959807,15228.0,Alpha,26.0394149,,Beta,7.90981711,
CMax,San_Lorenzo_Carapa_guianensis,basinhopping,4,254.460463,14544.0,Alpha,25.1327814,,Beta,0.4331739,
CMax,San_Lorenzo_Carapa_guianensis,Powell,2,252.848379,2484.0,Alpha,22.1882616,,Beta,0.45189892,
CMax,San_Lorenzo_Carapa_guianensis,dual_annealing,3,253.728597,144576.0,Alpha,31.5833023,,Beta,7.91406444,
Eller,San_Lorenzo_Carapa_guianensis,differential_evolution,1,255.848315,4608.0,kmaxS1,2.47072029,0.37371194,,,
Eller,San_Lorenzo_Carapa_guianensis,basinhopping,3,255.848315,174312.0,kmaxS1,2.41359305,0.36400009,,,
Eller,San_Lorenzo_Carapa_guianensis,Powell,4,255.848315,1260.0,kmaxS1,2.55127666,0.37371194,,,
Eller,San_Lorenzo_Carapa_guianensis,dual_annealing,2,255.848315,72684.0,kmaxS1,2.4429643,0.3640001,,,
LeastCost,San_Lorenzo_Carapa_guianensis,differential_evolution,3,251.236716,21384.0,kmaxLC,1.02481217,,Eta,2.26963491,
LeastCost,San_Lorenzo_Carapa_guianensis,basinhopping,2,251.146651,1165176.0,kmaxLC,1.0167036,,Eta,0.18926271,
LeastCost,San_Lorenzo_Carapa_guianensis,Powell,4,251.250781,4428.0,kmaxLC,1.03504674,0.07351883,Eta,1.40035855,4.57214068
LeastCost,San_Lorenzo_Carapa_guianensis,dual_annealing,1,251.146648,194688.0,kmaxLC,1.01670946,,Eta,0.55063648,
Medlyn,San_Lorenzo_Carapa_guianensis,differential_evolution,1,265.415442,17172.0,g1,4.04148828,1.56646717,sref,1.36646825,0.58131007
Medlyn,San_Lorenzo_Carapa_guianensis,basinhopping,4,266.100963,986868.0,g1,3.90312659,1.53787832,sref,1.48421854,0.58986149
Medlyn,San_Lorenzo_Carapa_guianensis,Powell,2,265.415442,5256.0,g1,4.04149507,1.56647294,sref,1.36647036,0.58131134
Medlyn,San_Lorenzo_Carapa_guianensis,dual_annealing,3,266.100963,146088.0,g1,3.90311627,1.53787358,sref,1.37742307,0.58986099
MES,San_Lorenzo_Carapa_guianensis,differential_evolution,1,253.163886,50868.0,krlM,2.22999051,0.23876026,PcritM,-3.06000775,0.08600763
MES,San_Lorenzo_Carapa_guianensis,basinhopping,3,254.31863,1100088.0,krlM,3.71837361,0.3433705,PcritM,-2.02326802,
MES,San_Lorenzo_Carapa_guianensis,Powell,4,254.583784,6624.0,krlM,2.10017078,0.24100813,PcritM,-3.06579073,0.08442676
MES,San_Lorenzo_Carapa_guianensis,dual_annealing,2,253.882105,215964.0,krlM,2.22492481,0.16280794,PcritM,-3.07016797,
ProfitMax,San_Lorenzo_Carapa_guianensis,differential_evolution,3,258.878366,13932.0,kmax,3.26359469,0.43818466,,,
ProfitMax,San_Lorenzo_Carapa_guianensis,basinhopping,1,258.812339,868572.0,kmax,3.65192916,0.46056786,,,
ProfitMax,San_Lorenzo_Carapa_guianensis,Powell,4,258.888771,2556.0,kmax,3.39260947,0.45774885,,,
ProfitMax,San_Lorenzo_Carapa_guianensis,dual_annealing,2,258.878239,93780.0,kmax,3.29661169,0.47374999,,,
ProfitMax2,San_Lorenzo_Carapa_guianensis,differential_evolution,1,258.820455,9612.0,kmax2,3.62402107,0.47437082,,,
ProfitMax2,San_Lorenzo_Carapa_guianensis,basinhopping,3,259.502911,890388.0,kmax2,3.75466363,0.46708728,,,
ProfitMax2,San_Lorenzo_Carapa_guianensis,Powell,4,259.580161,3096.0,kmax2,4.06887847,0.52439192,,,
ProfitMax2,San_Lorenzo_Carapa_guianensis,dual_annealing,2,259.11107,96156.0,kmax2,3.78638772,0.26728156,,,
SOX-OPT,San_Lorenzo_Carapa_guianensis,differential_evolution,2,260.229034,4392.0,kmaxS2,3.64786837,0.50379941,,,
SOX-OPT,San_Lorenzo_Carapa_guianensis,basinhopping,4,260.882707,10908.0,kmaxS2,4.14247984,0.55878995,,,
SOX-OPT,San_Lorenzo_Carapa_guianensis,Powell,3,260.287688,2016.0,kmaxS2,3.59043833,0.49448699,,,
SOX-OPT,San_Lorenzo_Carapa_guianensis,dual_annealing,1,259.213894,72756.0,kmaxS2,3.62188518,0.39510943,,,
Tuzet,San_Lorenzo_Carapa_guianensis,differential_evolution,2,276.795909,26136.0,g1T,4.01919399,0.2507154,kmaxT,7.13681824,1.63390311
Tuzet,San_Lorenzo_Carapa_guianensis,basinhopping,3,276.973839,999972.0,g1T,3.86498401,0.56801546,kmaxT,6.45899374,1.77706984
Tuzet,San_Lorenzo_Carapa_guianensis,Powell,1,276.732498,5004.0,g1T,3.98551727,0.29839153,kmaxT,6.64944987,1.44547424
Tuzet,San_Lorenzo_Carapa_guianensis,dual_annealing,4,277.015304,194904.0,g1T,3.91585845,0.31374546,kmaxT,6.73348,0.32010107
WUE-LWP,San_Lorenzo_Carapa_guianensis,differential_evolution,1,266.76235,4392.0,Lambda,4.90353511,0.62360525,,,
WUE-LWP,San_Lorenzo_Carapa_guianensis,basinhopping,4,267.810403,10908.0,Lambda,5.22838798,0.54001749,,,
WUE-LWP,San_Lorenzo_Carapa_guianensis,Powell,2,267.115047,2628.0,Lambda,4.78132127,0.80701537,,,
WUE-LWP,San_Lorenzo_Carapa_guianensis,dual_annealing,3,267.601119,72324.0,Lambda,4.9794868,0.6120721,,,
CAP,San_Lorenzo_Tachigali_versicolor,differential_evolution,2,259.565002,28890.0,krlC,2.7041559,,PcritC,-5.23846161,
CAP,San_Lorenzo_Tachigali_versicolor,basinhopping,1,259.355359,938940.0,krlC,2.65346847,0.3672037,PcritC,-5.26540762,0.24430338
CAP,San_Lorenzo_Tachigali_versicolor,Powell,4,262.233695,6270.0,krlC,3.24852728,0.40385511,PcritC,-4.51191433,0.10701032
CAP,San_Lorenzo_Tachigali_versicolor,dual_annealing,3,259.847016,183930.0,krlC,2.74503675,0.29699495,PcritC,-5.16404111,
CGain,San_Lorenzo_Tachigali_versicolor,differential_evolution,3,251.182565,2760.0,Kappa,20.8184346,1.4003111,,,
CGain,San_Lorenzo_Tachigali_versicolor,basinhopping,2,251.155348,9090.0,Kappa,21.2083892,2.21642482,,,
CGain,San_Lorenzo_Tachigali_versicolor,Powell,1,249.468609,1440.0,Kappa,21.6849225,1.81150912,,,
CGain,San_Lorenzo_Tachigali_versicolor,dual_annealing,4,251.748932,60390.0,Kappa,17.4086276,,,,
CMax,San_Lorenzo_Tachigali_versicolor,differential_evolution,3,256.364657,11790.0,Alpha,35.3015724,,Beta,2.67477201,
CMax,San_Lorenzo_Tachigali_versicolor,basinhopping,4,256.683079,12120.0,Alpha,36.3563307,,Beta,2.53692272,
CMax,San_Lorenzo_Tachigali_versicolor,Powell,2,253.128659,3300.0,Alpha,54.4755792,,Beta,0.26647519,
CMax,San_Lorenzo_Tachigali_versicolor,dual_annealing,1,252.899303,120120.0,Alpha,34.6343477,,Beta,4.29184396,
Eller,San_Lorenzo_Tachigali_versicolor,differential_evolution,3,252.054509,3450.0,kmaxS1,2.93280058,0.43402573,,,
Eller,San_Lorenzo_Tachigali_versicolor,basinhopping,1,252.054509,230550.0,kmaxS1,2.93280061,0.43402573,,,
Eller,San_Lorenzo_Tachigali_versicolor,Powell,2,252.054509,990.0,kmaxS1,2.93280061,0.43402573,,,
Eller,San_Lorenzo_Tachigali_versicolor,dual_annealing,4,252.054509,60570.0,kmaxS1,2.96449284,0.43402572,,,
LeastCost,San_Lorenzo_Tachigali_versicolor,differential_evolution,3,249.700211,62190.0,kmaxLC,16.3701132,0.74053568,Eta,16.1972004,1.38744173
LeastCost,San_Lorenzo_Tachigali_versicolor,basinhopping,2,245.522557,981930.0,kmaxLC,1.35502216,0.11716477,Eta,6.65083429,0.51386986
LeastCost,San_Lorenzo_Tachigali_versicolor,Powell,1,245.280984,6330.0,kmaxLC,1.355082,0.10983816,Eta,6.92527564,0.82284676
LeastCost,San_Lorenzo_Tachigali_versicolor,dual_annealing,4,249.700227,170430.0,kmaxLC,16.3700988,,Eta,16.252415,
Medlyn,San_Lorenzo_Tachigali_versicolor,differential_evolution,1,247.055586,15030.0,g1,4.85699762,0.87072138,sref,0.41226083,0.14953792
Medlyn,San_Lorenzo_Tachigali_versicolor,basinhopping,4,247.055586,865740.0,g1,4.85699822,0.87072145,sref,0.40345664,0.14953792
Medlyn,San_Lorenzo_Tachigali_versicolor,Powell,2,247.055586,5280.0,g1,4.8569966,0.87072117,sref,0.41226069,0.1495379
Medlyn,San_Lorenzo_Tachigali_versicolor,dual_annealing,3,247.055586,121920.0,g1,4.857001,0.87072062,sref,0.41768324,0.14953782
MES,San_Lorenzo_Tachigali_versicolor,differential_evolution,2,254.790237,29340.0,krlM,2.95573468,0.2979954,PcritM,-5.3050227,0.02197878
MES,San_Lorenzo_Tachigali_versicolor,basinhopping,1,254.451447,928560.0,krlM,2.90070261,0.31225919,PcritM,-5.30936463,0.04026542
MES,San_Lorenzo_Tachigali_versicolor,Powell,4,271.235209,5520.0,krlM,7.29307593,1.1506619,PcritM,-2.42916321,
MES,San_Lorenzo_Tachigali_versicolor,dual_annealing,3,255.296113,161970.0,krlM,3.93642811,0.34894912,PcritM,-3.91795562,0.07111258
ProfitMax,San_Lorenzo_Tachigali_versicolor,differential_evolution,2,238.189462,8910.0,kmax,6.05694073,0.56844735,,,
ProfitMax,San_Lorenzo_Tachigali_versicolor,basinhopping,3,238.190492,764790.0,kmax,6.05615789,0.5649396,,,
ProfitMax,San_Lorenzo_Tachigali_versicolor,Powell,4,239.579034,3390.0,kmax,5.99477576,0.5504368,,,
ProfitMax,San_Lorenzo_Tachigali_versicolor,dual_annealing,1,238.189426,70770.0,kmax,6.64040184,0.65900719,,,
ProfitMax2,San_Lorenzo_Tachigali_versicolor,differential_evolution,3,239.902043,16560.0,kmax2,7.10881469,0.69516891,,,
ProfitMax2,San_Lorenzo_Tachigali_versicolor,basinhopping,4,239.902159,690030.0,kmax2,7.10933978,0.69538774,,,
ProfitMax2,San_Lorenzo_Tachigali_versicolor,Powell,1,239.351407,3240.0,kmax2,7.15131924,0.5984217,,,
ProfitMax2,San_Lorenzo_Tachigali_versicolor,dual_annealing,2,239.351407,76350.0,kmax2,7.19287186,0.43812247,,,
SOX-OPT,San_Lorenzo_Tachigali_versicolor,differential_evolution,2,240.878352,9060.0,kmaxS2,6.34800249,0.66730806,,,
SOX-OPT,San_Lorenzo_Tachigali_versicolor,basinhopping,4,243.210088,9090.0,kmaxS2,6.44709941,0.7341824,,,
SOX-OPT,San_Lorenzo_Tachigali_versicolor,Powell,3,241.064422,2670.0,kmaxS2,6.35025313,0.67048172,,,
SOX-OPT,San_Lorenzo_Tachigali_versicolor,dual_annealing,1,240.878352,60510.0,kmaxS2,6.3885743,,,,
Tuzet,San_Lorenzo_Tachigali_versicolor,differential_evolution,3,253.277257,14130.0,g1T,5.65124482,0.32515255,kmaxT,17.6194585,2.14121873
Tuzet,San_Lorenzo_Tachigali_versicolor,basinhopping,4,267.903415,747660.0,g1T,6.1872518,0.65413315,kmaxT,5.19905382,1.46396945
Tuzet,San_Lorenzo_Tachigali_versicolor,Powell,1,253.276635,4260.0,g1T,5.655973,0.32320767,kmaxT,17.6472852,2.12858994
Tuzet,San_Lorenzo_Tachigali_versicolor,dual_annealing,2,253.277128,174300.0,g1T,5.65124992,0.30483779,kmaxT,17.6239205,
WUE-LWP,San_Lorenzo_Tachigali_versicolor,differential_evolution,2,254.219773,3210.0,Lambda,1.90158869,0.21110561,,,
WUE-LWP,San_Lorenzo_Tachigali_versicolor,basinhopping,4,254.611256,9090.0,Lambda,2.00426725,0.2234032,,,
WUE-LWP,San_Lorenzo_Tachigali_versicolor,Powell,1,251.96599,2100.0,Lambda,1.63503594,0.14210029,,,
WUE-LWP,San_Lorenzo_Tachigali_versicolor,dual_annealing,3,254.393212,60270.0,Lambda,1.58007834,0.09240873,,,
CAP,San_Lorenzo_Tocoyena_pittieri,differential_evolution,1,302.640438,19200.0,krlC,1.3104641,0.21734004,PcritC,-4.67236488,0.07285819
CAP,San_Lorenzo_Tocoyena_pittieri,basinhopping,4,303.178361,1041408.0,krlC,1.22179869,0.22509249,PcritC,-4.68048409,0.21932245
CAP,San_Lorenzo_Tocoyena_pittieri,Powell,2,302.652725,4960.0,krlC,2.33022479,0.49982458,PcritC,-3.120133,0.18474632
CAP,San_Lorenzo_Tocoyena_pittieri,dual_annealing,3,303.0461,186208.0,krlC,1.2185957,0.15490852,PcritC,-4.58767251,
CGain,San_Lorenzo_Tocoyena_pittieri,differential_evolution,1,287.23487,3904.0,Kappa,7.73212439,1.15463458,,,
CGain,San_Lorenzo_Tocoyena_pittieri,basinhopping,4,287.841154,9696.0,Kappa,6.85171293,1.38440413,,,
CGain,San_Lorenzo_Tocoyena_pittieri,Powell,2,287.299833,2752.0,Kappa,6.50662945,2.74522553,,,
CGain,San_Lorenzo_Tocoyena_pittieri,dual_annealing,3,287.597392,64288.0,Kappa,7.08789901,0.99482329,,,
CMax,San_Lorenzo_Tocoyena_pittieri,differential_evolution,2,280.674518,15456.0,Alpha,3.99792629,,Beta,7.83762424,
CMax,San_Lorenzo_Tocoyena_pittieri,basinhopping,3,282.958233,12928.0,Alpha,5.66759789,,Beta,0.63874675,
CMax,San_Lorenzo_Tocoyena_pittieri,Powell,4,283.538597,2432.0,Alpha,3.10576344,,Beta,0.52721398,
CMax,San_Lorenzo_Tocoyena_pittieri,dual_annealing,1,280.537262,128512.0,Alpha,4.41673001,,Beta,2.6452421,
Eller,San_Lorenzo_Tocoyena_pittieri,differential_evolution,1,292.190193,3200.0,kmaxS1,0.40242876,0.08801617,,,
Eller,San_Lorenzo_Tocoyena_pittieri,basinhopping,3,292.190193,217120.0,kmaxS1,0.40242878,0.08801617,,,
Eller,San_Lorenzo_Tocoyena_pittieri,Powell,4,292.190193,512.0,kmaxS1,0.38219837,0.08317351,,,
Eller,San_Lorenzo_Tocoyena_pittieri,dual_annealing,2,292.190193,65184.0,kmaxS1,0.39189026,0.08317293,,,
LeastCost,San_Lorenzo_Tocoyena_pittieri,differential_evolution,1,281.655807,72000.0,kmaxLC,0.62686097,,Eta,7.52507543,1.0632397
LeastCost,San_Lorenzo_Tocoyena_pittieri,basinhopping,3,284.80789,1046080.0,kmaxLC,0.60962935,0.08582772,Eta,7.56335416,0.69075222
LeastCost,San_Lorenzo_Tocoyena_pittieri,Powell,4,287.536993,8800.0,kmaxLC,7.12320029,2.11887989,Eta,10.6974667,1.35560938
LeastCost,San_Lorenzo_Tocoyena_pittieri,dual_annealing,2,283.378552,174880.0,kmaxLC,0.61197393,0.06644172,Eta,8.80315148,1.75691976
Medlyn,San_Lorenzo_Tocoyena_pittieri,differential_evolution,1,281.341801,16128.0,g1,3.80069741,0.35195866,sref,0.01007696,5.6342e-17
Medlyn,San_Lorenzo_Tocoyena_pittieri,basinhopping,2,281.341801,760032.0,g1,3.57449458,0.33471511,sref,0.01007696,1.5084e-09
Medlyn,San_Lorenzo_Tocoyena_pittieri,Powell,3,281.341801,7552.0,g1,3.80081787,0.35195787,sref,0.01007548,4.9287e-05
Medlyn,San_Lorenzo_Tocoyena_pittieri,dual_annealing,4,281.341801,129664.0,g1,3.5744944,,sref,0.01,
MES,San_Lorenzo_Tocoyena_pittieri,differential_evolution,3,284.218589,33120.0,krlM,1.9344195,0.26826,PcritM,-4.41286284,
MES,San_Lorenzo_Tocoyena_pittieri,basinhopping,2,283.642117,993824.0,krlM,1.82218177,0.23338123,PcritM,-4.60086762,
MES,San_Lorenzo_Tocoyena_pittieri,Powell,4,286.116418,4736.0,krlM,2.79689104,5.92317915,PcritM,-3.29884023,3.99027786
MES,San_Lorenzo_Tocoyena_pittieri,dual_annealing,1,283.350917,181024.0,krlM,2.19702601,0.11435173,PcritM,-3.85212398,
ProfitMax,San_Lorenzo_Tocoyena_pittieri,differential_evolution,3,289.170587,8064.0,kmax,1.2209069,0.16789809,,,
ProfitMax,San_Lorenzo_Tocoyena_pittieri,basinhopping,2,288.869949,822848.0,kmax,1.19897202,0.14579419,,,
ProfitMax,San_Lorenzo_Tocoyena_pittieri,Powell,4,289.492003,3104.0,kmax,1.01131701,0.16177981,,,
ProfitMax,San_Lorenzo_Tocoyena_pittieri,dual_annealing,1,288.260551,75744.0,kmax,1.1637019,0.13549832,,,
ProfitMax2,San_Lorenzo_Tocoyena_pittieri,differential_evolution,2,284.297573,17536.0,kmax2,3.65361305,0.52556363,,,
ProfitMax2,San_Lorenzo_Tocoyena_pittieri,basinhopping,4,285.039244,751904.0,kmax2,3.40931787,0.54559623,,,
ProfitMax2,San_Lorenzo_Tocoyena_pittieri,Powell,1,284.262132,2080.0,kmax2,3.76133098,0.56023735,,,
ProfitMax2,San_Lorenzo_Tocoyena_pittieri,dual_annealing,3,285.039211,66976.0,kmax2,3.44274631,0.12856879,,,
SOX-OPT,San_Lorenzo_Tocoyena_pittieri,differential_evolution,3,289.795316,3904.0,kmaxS2,1.09610405,0.16379298,,,
SOX-OPT,San_Lorenzo_Tocoyena_pittieri,basinhopping,4,290.691872,9696.0,kmaxS2,1.24594001,0.18385094,,,
SOX-OPT,San_Lorenzo_Tocoyena_pittieri,Powell,2,289.382071,3072.0,kmaxS2,1.09453395,0.18386481,,,
SOX-OPT,San_Lorenzo_Tocoyena_pittieri,dual_annealing,1,289.382071,64672.0,kmaxS2,1.11427301,0.15060139,,,
Tuzet,San_Lorenzo_Tocoyena_pittieri,differential_evolution,1,288.279506,24384.0,g1T,7.04800934,0.58726383,kmaxT,7.1987273,1.7071967
Tuzet,San_Lorenzo_Tocoyena_pittieri,basinhopping,3,288.700014,764704.0,g1T,6.72249457,0.59616307,kmaxT,7.15448232,1.73327247
Tuzet,San_Lorenzo_Tocoyena_pittieri,Powell,4,289.033716,6880.0,g1T,6.59307525,0.58155921,kmaxT,16.8384707,0.89389056
Tuzet,San_Lorenzo_Tocoyena_pittieri,dual_annealing,2,288.676426,193984.0,g1T,6.71799993,0.45770326,kmaxT,7.25884107,0.55117587
WUE-LWP,San_Lorenzo_Tocoyena_pittieri,differential_evolution,1,285.018716,3904.0,Lambda,1.01467157,0.14226793,,,
WUE-LWP,San_Lorenzo_Tocoyena_pittieri,basinhopping,2,286.119497,9696.0,Lambda,1.4615715,0.27876612,,,
WUE-LWP,San_Lorenzo_Tocoyena_pittieri,Powell,3,286.309541,1984.0,Lambda,1.23879403,0.19591236,,,
WUE-LWP,San_Lorenzo_Tocoyena_pittieri,dual_annealing,4,286.620752,64736.0,Lambda,1.18941752,0.16350213,,,
CAP,Sevilleta_Juniperus_monosperma,differential_evolution,3,1075.82698,156519.0,krlC,1.43930208,0.0631028,PcritC,-5.73549146,9.5759e-07
CAP,Sevilleta_Juniperus_monosperma,basinhopping,1,1075.0969,3721300.0,krlC,1.38089834,0.05599697,PcritC,-5.98782298,9.5977e-07
CAP,Sevilleta_Juniperus_monosperma,Powell,4,1129.82679,29920.0,krlC,0.67093445,0.03556274,PcritC,-8.88703925,0.07129859
CAP,Sevilleta_Juniperus_monosperma,dual_annealing,2,1075.38387,1024199.0,krlC,1.33937546,0.05951597,PcritC,-5.8910795,0.00276714
CGain,Sevilleta_Juniperus_monosperma,differential_evolution,3,1194.53485,14399.0,Kappa,6.26422043,0.75029333,,,
CGain,Sevilleta_Juniperus_monosperma,basinhopping,1,1189.08519,56661.0,Kappa,10.3542336,1.07940211,,,
CGain,Sevilleta_Juniperus_monosperma,Powell,4,1195.34648,15895.0,Kappa,6.70153716,0.95363321,,,
CGain,Sevilleta_Juniperus_monosperma,dual_annealing,2,1193.96556,377179.0,Kappa,9.08522532,6.0315176,,,
CMax,Sevilleta_Juniperus_monosperma,differential_evolution,2,1377.36692,62271.0,Alpha,0.53116294,,Beta,6.93533715,
CMax,Sevilleta_Juniperus_monosperma,basinhopping,1,1365.98293,75548.0,Alpha,0.50577024,,Beta,0.11802893,
CMax,Sevilleta_Juniperus_monosperma,Powell,4,1382.09014,19448.0,Alpha,0.50101538,,Beta,0.45630365,
CMax,Sevilleta_Juniperus_monosperma,dual_annealing,3,1379.20327,753797.0,Alpha,0.50680522,,Beta,5.74814953,
Eller,Sevilleta_Juniperus_monosperma,differential_evolution,2,1067.99927,32912.0,kmaxS1,0.03232619,0.00166399,,,
Eller,Sevilleta_Juniperus_monosperma,basinhopping,4,1067.99927,2359753.0,kmaxS1,0.04114142,0.00166399,,,
Eller,Sevilleta_Juniperus_monosperma,Powell,1,1067.99927,9724.0,kmaxS1,0.0323262,0.00166399,,,
Eller,Sevilleta_Juniperus_monosperma,dual_annealing,3,1067.99927,380919.0,kmaxS1,0.03102914,0.00166397,,,
LeastCost,Sevilleta_Juniperus_monosperma,differential_evolution,4,1151.33651,125103.0,kmaxLC,0.18506423,0.00813568,Eta,11.4822392,1.30559999
LeastCost,Sevilleta_Juniperus_monosperma,basinhopping,3,1150.725,6550984.0,kmaxLC,0.17432675,0.00782623,Eta,10.2957531,0.90883917
LeastCost,Sevilleta_Juniperus_monosperma,Powell,2,1149.83534,28798.0,kmaxLC,0.1756703,0.00796596,Eta,11.4858139,1.16648504
LeastCost,Sevilleta_Juniperus_monosperma,dual_annealing,1,1148.8121,1001198.0,kmaxLC,0.18550738,0.0080944,Eta,11.9728159,0.27728551
Medlyn,Sevilleta_Juniperus_monosperma,differential_evolution,1,1150.5087,83589.0,g1,4.49739639,0.28931537,sref,0.3908238,0.03780856
Medlyn,Sevilleta_Juniperus_monosperma,basinhopping,4,1150.5087,4219094.0,g1,4.49739667,0.28767266,sref,0.36048612,0.03752928
Medlyn,Sevilleta_Juniperus_monosperma,Powell,2,1150.5087,37587.0,g1,4.49737659,0.28931313,sref,0.39082249,0.03780837
Medlyn,Sevilleta_Juniperus_monosperma,dual_annealing,3,1150.5087,765578.0,g1,4.49739505,0.28963189,sref,0.39596256,0.03784645
MES,Sevilleta_Juniperus_monosperma,differential_evolution,2,1126.69331,154275.0,krlM,0.92782561,0.04431269,PcritM,-6.36560788,1.1373e-06
MES,Sevilleta_Juniperus_monosperma,basinhopping,3,1127.85337,3306534.0,krlM,0.90897332,0.04500979,PcritM,-6.43059214,1.1654e-06
MES,Sevilleta_Juniperus_monosperma,Powell,4,1147.78098,51051.0,krlM,0.68294473,0.03753726,PcritM,-7.71885242,0.11490112
MES,Sevilleta_Juniperus_monosperma,dual_annealing,1,1124.57884,1355750.0,krlM,0.8663678,0.04107262,PcritM,-6.43131286,0.01764189
ProfitMax,Sevilleta_Juniperus_monosperma,differential_evolution,3,1178.9108,59092.0,kmax,0.24528954,0.01027695,,,
ProfitMax,Sevilleta_Juniperus_monosperma,basinhopping,1,1176.55311,4742694.0,kmax,0.26584286,0.01048009,,,
ProfitMax,Sevilleta_Juniperus_monosperma,Powell,4,1183.09339,14586.0,kmax,0.24491438,0.01069184,,,
ProfitMax,Sevilleta_Juniperus_monosperma,dual_annealing,2,1177.89144,471427.0,kmax,0.24719394,0.0102525,,,
ProfitMax2,Sevilleta_Juniperus_monosperma,differential_evolution,1,1165.99515,55913.0,kmax2,0.54158684,0.02943543,,,
ProfitMax2,Sevilleta_Juniperus_monosperma,basinhopping,2,1167.79458,4811510.0,kmax2,0.57932427,0.04492406,,,
ProfitMax2,Sevilleta_Juniperus_monosperma,Powell,4,1172.63808,11968.0,kmax2,0.55222072,0.02987999,,,
ProfitMax2,Sevilleta_Juniperus_monosperma,dual_annealing,3,1169.47283,429165.0,kmax2,0.5542761,0.03238269,,,
SOX-OPT,Sevilleta_Juniperus_monosperma,differential_evolution,3,1179.62989,28424.0,kmaxS2,0.22651289,0.01038587,,,
SOX-OPT,Sevilleta_Juniperus_monosperma,basinhopping,4,1181.73735,65076.0,kmaxS2,0.24956479,0.01047457,,,
SOX-OPT,Sevilleta_Juniperus_monosperma,Powell,2,1178.5989,23562.0,kmaxS2,0.25079463,0.01029173,,,
SOX-OPT,Sevilleta_Juniperus_monosperma,dual_annealing,1,1178.14299,379797.0,kmaxS2,0.24245476,0.00947444,,,
Tuzet,Sevilleta_Juniperus_monosperma,differential_evolution,3,1188.02798,160446.0,g1T,5.44027366,0.14924127,kmaxT,1.7945451,0.08802896
Tuzet,Sevilleta_Juniperus_monosperma,basinhopping,2,1187.13742,4836007.0,g1T,5.54894026,0.16506316,kmaxT,1.85702707,0.08310348
Tuzet,Sevilleta_Juniperus_monosperma,Powell,4,1201.62114,34034.0,g1T,4.2587643,0.11491133,kmaxT,11.6460621,1.48545627
Tuzet,Sevilleta_Juniperus_monosperma,dual_annealing,1,1185.95683,1331066.0,g1T,5.51898823,0.13405836,kmaxT,1.8521384,0.08907153
WUE-LWP,Sevilleta_Juniperus_monosperma,differential_evolution,1,1257.7251,20009.0,Lambda,1.71723812,0.10048438,,,
WUE-LWP,Sevilleta_Juniperus_monosperma,basinhopping,4,1266.30884,56661.0,Lambda,2.02564024,0.1551531,,,
WUE-LWP,Sevilleta_Juniperus_monosperma,Powell,2,1257.92416,12529.0,Lambda,1.91907737,0.14833138,,,
WUE-LWP,Sevilleta_Juniperus_monosperma,dual_annealing,3,1258.64049,377179.0,Lambda,1.8368664,0.11074855,,,
CAP,Sevilleta_Pinus_edulis,differential_evolution,2,642.509398,134274.0,krlC,1.72345655,0.10138526,PcritC,-3.12192795,2.9133e-07
CAP,Sevilleta_Pinus_edulis,basinhopping,3,642.707665,2891617.0,krlC,1.70229352,0.10027174,PcritC,-3.12455313,2.9153e-07
CAP,Sevilleta_Pinus_edulis,Powell,4,673.626431,34750.0,krlC,0.83054847,0.1124304,PcritC,-4.21903695,0.2704787
CAP,Sevilleta_Pinus_edulis,dual_annealing,1,641.442479,758384.0,krlC,1.68831236,0.08113162,PcritC,-3.08213524,0.00371169
CGain,Sevilleta_Pinus_edulis,differential_evolution,1,678.014282,10703.0,Kappa,4.0319967,0.56393306,,,
CGain,Sevilleta_Pinus_edulis,basinhopping,2,678.696332,42117.0,Kappa,5.02748646,0.62187967,,,
CGain,Sevilleta_Pinus_edulis,Powell,3,679.015915,10981.0,Kappa,5.13165697,0.56322205,,,
CGain,Sevilleta_Pinus_edulis,dual_annealing,4,680.658835,281475.0,Kappa,4.30084919,0.48317037,,,
CMax,Sevilleta_Pinus_edulis,differential_evolution,4,763.661797,54627.0,Alpha,0.91935391,,Beta,0.10455846,
CMax,Sevilleta_Pinus_edulis,basinhopping,3,761.305661,56156.0,Alpha,0.93423826,,Beta,0.42406014,
CMax,Sevilleta_Pinus_edulis,Powell,2,757.496027,14456.0,Alpha,0.90877942,,Beta,7.9964715,
CMax,Sevilleta_Pinus_edulis,dual_annealing,1,755.495343,561143.0,Alpha,0.85945186,,Beta,5.78476835,
Eller,Sevilleta_Pinus_edulis,differential_evolution,3,636.965848,22379.0,kmaxS1,0.05414146,0.00367894,,,
Eller,Sevilleta_Pinus_edulis,basinhopping,1,636.965848,1314106.0,kmaxS1,0.05414147,0.00367894,,,
Eller,Sevilleta_Pinus_edulis,Powell,2,636.965848,5004.0,kmaxS1,0.05414147,0.00367894,,,
Eller,Sevilleta_Pinus_edulis,dual_annealing,4,636.965848,283421.0,kmaxS1,0.05423939,0.00367894,,,
LeastCost,Sevilleta_Pinus_edulis,differential_evolution,3,672.559844,94242.0,kmaxLC,0.21156326,0.0124527,Eta,10.243884,1.29364377
LeastCost,Sevilleta_Pinus_edulis,basinhopping,2,672.546588,4832752.0,kmaxLC,0.20884294,0.01130638,Eta,9.78077178,1.10062235
LeastCost,Sevilleta_Pinus_edulis,Powell,4,672.741578,21267.0,kmaxLC,0.20004977,0.01077379,Eta,10.4954167,1.32773906
LeastCost,Sevilleta_Pinus_edulis,dual_annealing,1,671.248609,761720.0,kmaxLC,0.20739464,0.01085369,Eta,9.14750802,0.53252376
Medlyn,Sevilleta_Pinus_edulis,differential_evolution,2,676.965458,54627.0,g1,7.76797618,1.06120597,sref,1.00146844,0.11803317
Medlyn,Sevilleta_Pinus_edulis,basinhopping,4,676.965458,3279288.0,g1,7.76796357,1.04798192,sref,1.07037819,0.11653374
Medlyn,Sevilleta_Pinus_edulis,Powell,3,676.965458,29329.0,g1,7.76799435,1.06122899,sref,1.0014689,0.11803537
Medlyn,Sevilleta_Pinus_edulis,dual_annealing,1,676.965458,561143.0,g1,7.76796014,1.03899375,sref,1.01255796,0.11533399
MES,Sevilleta_Pinus_edulis,differential_evolution,2,663.15213,104667.0,krlM,1.22530362,0.06364596,PcritM,-3.18240253,2.8718e-07
MES,Sevilleta_Pinus_edulis,basinhopping,3,666.552233,2444176.0,krlM,1.18271561,0.07087745,PcritM,-3.25292073,3.138e-07
MES,Sevilleta_Pinus_edulis,Powell,4,688.787807,31275.0,krlM,0.59138688,0.03803715,PcritM,-4.62766264,0.04281103
MES,Sevilleta_Pinus_edulis,dual_annealing,1,662.463265,681656.0,krlM,1.21169901,0.07073669,PcritM,-3.18103248,3.5769e-07
ProfitMax,Sevilleta_Pinus_edulis,differential_evolution,4,671.487449,30858.0,kmax,0.32699038,0.01691213,,,
ProfitMax,Sevilleta_Pinus_edulis,basinhopping,1,669.384319,3372974.0,kmax,0.34153327,0.01706294,,,
ProfitMax,Sevilleta_Pinus_edulis,Powell,2,670.880595,9452.0,kmax,0.33482319,0.01477041,,,
ProfitMax,Sevilleta_Pinus_edulis,dual_annealing,3,671.176067,344581.0,kmax,0.32141406,0.01403731,,,
ProfitMax2,Sevilleta_Pinus_edulis,differential_evolution,3,688.262733,50318.0,kmax2,0.65665201,0.06302421,,,
ProfitMax2,Sevilleta_Pinus_edulis,basinhopping,1,686.468219,3854470.0,kmax2,0.69221321,0.04229099,,,
ProfitMax2,Sevilleta_Pinus_edulis,Powell,4,690.579436,11676.0,kmax2,0.59371287,0.06434012,,,
ProfitMax2,Sevilleta_Pinus_edulis,dual_annealing,2,686.487032,329013.0,kmax2,0.66504704,0.03453529,,,
SOX-OPT,Sevilleta_Pinus_edulis,differential_evolution,1,672.885195,19043.0,kmaxS2,0.30372024,0.0152383,,,
SOX-OPT,Sevilleta_Pinus_edulis,basinhopping,4,675.678291,78952.0,kmaxS2,0.34072897,0.01574628,,,
SOX-OPT,Sevilleta_Pinus_edulis,Powell,3,673.10283,13205.0,kmaxS2,0.32321096,0.01523861,,,
SOX-OPT,Sevilleta_Pinus_edulis,dual_annealing,2,672.973644,280641.0,kmaxS2,0.31725885,0.01399455,,,
Tuzet,Sevilleta_Pinus_edulis,differential_evolution,2,714.673078,104250.0,g1T,4.70213415,0.11955206,kmaxT,1.32711451,0.10745159
Tuzet,Sevilleta_Pinus_edulis,basinhopping,1,714.226195,3168227.0,g1T,4.726283,0.20262394,kmaxT,1.34292817,0.11050142
Tuzet,Sevilleta_Pinus_edulis,Powell,4,717.820674,27939.0,g1T,4.35108387,0.22639248,kmaxT,2.05505566,0.47416388
Tuzet,Sevilleta_Pinus_edulis,dual_annealing,3,715.052696,770060.0,g1T,4.618864,0.16779731,kmaxT,1.67399013,
WUE-LWP,Sevilleta_Pinus_edulis,differential_evolution,1,745.30639,12788.0,Lambda,1.96883188,0.15712269,,,
WUE-LWP,Sevilleta_Pinus_edulis,basinhopping,4,748.242112,42117.0,Lambda,2.10854544,0.16934371,,,
WUE-LWP,Sevilleta_Pinus_edulis,Powell,2,745.719167,9174.0,Lambda,1.91262637,0.14780432,,,
WUE-LWP,Sevilleta_Pinus_edulis,dual_annealing,3,745.923084,279807.0,Lambda,1.93463731,0.1332749,,,
CAP,Vic_la_Gardiole_Quercus_ilex,differential_evolution,1,305.923302,93150.0,krlC,1.56992053,0.12795929,PcritC,-4.04225607,0.07603282
CAP,Vic_la_Gardiole_Quercus_ilex,basinhopping,3,307.977771,997020.0,krlC,1.32398547,0.11444186,PcritC,-4.41394786,0.09953368
CAP,Vic_la_Gardiole_Quercus_ilex,Powell,4,312.558049,9405.0,krlC,0.73534256,0.07160356,PcritC,-6.91561582,0.29641526
CAP,Vic_la_Gardiole_Quercus_ilex,dual_annealing,2,306.296939,275220.0,krlC,1.37377024,0.10455939,PcritC,-4.37437552,
CGain,Vic_la_Gardiole_Quercus_ilex,differential_evolution,3,315.884641,7515.0,Kappa,13.0094816,2.33786892,,,
CGain,Vic_la_Gardiole_Quercus_ilex,basinhopping,1,315.694336,13635.0,Kappa,11.6163058,1.95035158,,,
CGain,Vic_la_Gardiole_Quercus_ilex,Powell,4,316.801878,3690.0,Kappa,12.1519096,2.20473826,,,
CGain,Vic_la_Gardiole_Quercus_ilex,dual_annealing,2,315.881576,90945.0,Kappa,13.3814022,1.04680096,,,
CMax,Vic_la_Gardiole_Quercus_ilex,differential_evolution,3,333.132848,23085.0,Alpha,0.50004903,,Beta,0.65537663,
CMax,Vic_la_Gardiole_Quercus_ilex,basinhopping,4,334.537229,18180.0,Alpha,0.58603412,,Beta,0.81354055,
CMax,Vic_la_Gardiole_Quercus_ilex,Powell,1,331.572553,3555.0,Alpha,0.58666754,,Beta,0.50727493,
CMax,Vic_la_Gardiole_Quercus_ilex,dual_annealing,2,331.776742,181260.0,Alpha,0.63574656,,Beta,5.81751991,
Eller,Vic_la_Gardiole_Quercus_ilex,differential_evolution,2,307.734058,6435.0,kmaxS1,0.07157866,0.00741024,,,
Eller,Vic_la_Gardiole_Quercus_ilex,basinhopping,4,307.734058,544320.0,kmaxS1,0.08497877,0.00741024,,,
Eller,Vic_la_Gardiole_Quercus_ilex,Powell,3,307.734058,1620.0,kmaxS1,0.07157866,0.00741024,,,
Eller,Vic_la_Gardiole_Quercus_ilex,dual_annealing,1,307.734058,91665.0,kmaxS1,0.07257469,0.00741024,,,
LeastCost,Vic_la_Gardiole_Quercus_ilex,differential_evolution,4,326.410653,97335.0,kmaxLC,6.26340125,3.97076493,Eta,35.7885085,1.96273462
LeastCost,Vic_la_Gardiole_Quercus_ilex,basinhopping,2,316.740027,1360260.0,kmaxLC,0.25091872,0.0222595,Eta,24.1100149,4.51054927
LeastCost,Vic_la_Gardiole_Quercus_ilex,Powell,3,318.099213,12060.0,kmaxLC,0.23439516,,Eta,16.6772599,
LeastCost,Vic_la_Gardiole_Quercus_ilex,dual_annealing,1,316.376058,266040.0,kmaxLC,0.24968476,0.0,Eta,22.6060202,
Medlyn,Vic_la_Gardiole_Quercus_ilex,differential_evolution,2,316.648639,22545.0,g1,2.22228886,0.23566188,sref,0.36077214,0.12028043
Medlyn,Vic_la_Gardiole_Quercus_ilex,basinhopping,4,316.648639,1064115.0,g1,2.22228865,0.23566184,sref,0.38234333,0.12028041
Medlyn,Vic_la_Gardiole_Quercus_ilex,Powell,3,316.648639,9450.0,g1,2.22228852,0.23566182,sref,0.36077198,0.12028039
Medlyn,Vic_la_Gardiole_Quercus_ilex,dual_annealing,1,316.648639,182745.0,g1,2.22228848,0.23566187,sref,0.36550019,0.12028051
MES,Vic_la_Gardiole_Quercus_ilex,differential_evolution,1,309.96862,66285.0,krlM,1.11585022,0.08682219,PcritM,-4.33271446,
MES,Vic_la_Gardiole_Quercus_ilex,basinhopping,3,311.09845,1041300.0,krlM,1.14881296,0.09220618,PcritM,-4.36166319,0.02510526
MES,Vic_la_Gardiole_Quercus_ilex,Powell,4,314.725553,4365.0,krlM,0.63011622,0.09272655,PcritM,-6.90060502,1.0631018
MES,Vic_la_Gardiole_Quercus_ilex,dual_annealing,2,310.534054,227565.0,krlM,0.99924978,0.07284324,PcritM,-4.98262735,
ProfitMax,Vic_la_Gardiole_Quercus_ilex,differential_evolution,2,312.883171,14715.0,kmax,0.40431807,0.02787235,,,
ProfitMax,Vic_la_Gardiole_Quercus_ilex,basinhopping,4,313.42396,1105515.0,kmax,0.38672443,0.02747839,,,
ProfitMax,Vic_la_Gardiole_Quercus_ilex,Powell,3,313.41799,4950.0,kmax,0.41844852,0.02674939,,,
ProfitMax,Vic_la_Gardiole_Quercus_ilex,dual_annealing,1,312.106255,111735.0,kmax,0.42104063,0.02541834,,,
ProfitMax2,Vic_la_Gardiole_Quercus_ilex,differential_evolution,2,310.936652,21105.0,kmax2,0.70696684,0.05661693,,,
ProfitMax2,Vic_la_Gardiole_Quercus_ilex,basinhopping,1,310.869749,1051110.0,kmax2,0.76190424,0.05715178,,,
ProfitMax2,Vic_la_Gardiole_Quercus_ilex,Powell,4,312.023269,4005.0,kmax2,0.72942218,0.06013475,,,
ProfitMax2,Vic_la_Gardiole_Quercus_ilex,dual_annealing,3,311.235747,98955.0,kmax2,0.73351101,0.05559752,,,
SOX-OPT,Vic_la_Gardiole_Quercus_ilex,differential_evolution,1,312.813666,6840.0,kmaxS2,0.39033703,0.02876876,,,
SOX-OPT,Vic_la_Gardiole_Quercus_ilex,basinhopping,4,313.526179,13635.0,kmaxS2,0.3765811,0.02873571,,,
SOX-OPT,Vic_la_Gardiole_Quercus_ilex,Powell,2,312.813666,5265.0,kmaxS2,0.42229512,0.02757754,,,
SOX-OPT,Vic_la_Gardiole_Quercus_ilex,dual_annealing,3,312.818493,91035.0,kmaxS2,0.41860845,0.02867179,,,
Tuzet,Vic_la_Gardiole_Quercus_ilex,differential_evolution,3,317.226595,23760.0,g1T,2.45459997,0.08623044,kmaxT,2.65705938,0.37671594
Tuzet,Vic_la_Gardiole_Quercus_ilex,basinhopping,2,317.224789,680265.0,g1T,2.46785859,0.1252496,kmaxT,2.38391421,0.26375445
Tuzet,Vic_la_Gardiole_Quercus_ilex,Powell,4,317.242876,9315.0,g1T,2.4652343,0.08769494,kmaxT,2.47810404,0.28602357
Tuzet,Vic_la_Gardiole_Quercus_ilex,dual_annealing,1,317.199023,228240.0,g1T,2.46021101,0.07886061,kmaxT,2.38000225,0.2623382
WUE-LWP,Vic_la_Gardiole_Quercus_ilex,differential_evolution,2,327.836729,3465.0,Lambda,3.23811254,0.26935936,,,
WUE-LWP,Vic_la_Gardiole_Quercus_ilex,basinhopping,1,326.481141,13635.0,Lambda,3.18419954,0.2109593,,,
WUE-LWP,Vic_la_Gardiole_Quercus_ilex,Powell,4,329.051698,2790.0,Lambda,2.81176965,0.22678549,,,
WUE-LWP,Vic_la_Gardiole_Quercus_ilex,dual_annealing,3,327.942928,90675.0,Lambda,3.13266682,0.215347,,,
